{
  "problems": {
    "RandomUnknown_0": {
      "positive_examples": [
        "http://www.biopax.org/examples/glycolysis#relationshipXref266",
        "http://www.biopax.org/examples/glycolysis#physicalEntityParticipant85",
        "http://www.biopax.org/examples/glycolysis#physicalEntityParticipant33",
        "http://www.biopax.org/examples/glycolysis#publicationXref244",
        "http://www.biopax.org/examples/glycolysis#physicalEntityParticipant120"
      ],
      "negative_examples": [
        "http://www.biopax.org/examples/glycolysis#unificationXref168",
        "http://www.biopax.org/examples/glycolysis#unificationXref201",
        "http://www.biopax.org/examples/glycolysis#publicationXref3",
        "http://www.biopax.org/examples/glycolysis#catalysis189",
        "http://www.biopax.org/examples/glycolysis#unificationXref68"
      ]
    },
    "RandomUnknown_1": {
      "positive_examples": [
        "http://www.biopax.org/examples/glycolysis#chemicalStructure20",
        "http://www.biopax.org/examples/glycolysis#modulation313",
        "http://www.biopax.org/examples/glycolysis#chemicalStructure179",
        "http://www.biopax.org/examples/glycolysis#publicationXref14",
        "http://www.biopax.org/examples/glycolysis#unificationXref52"
      ],
      "negative_examples": [
        "http://www.biopax.org/examples/glycolysis#smallMolecule6",
        "http://www.biopax.org/examples/glycolysis#unificationXref225",
        "http://www.biopax.org/examples/glycolysis#physicalEntityParticipant233",
        "http://www.biopax.org/examples/glycolysis#unificationXref156",
        "http://www.biopax.org/examples/glycolysis#unificationXref68"
      ]
    },
    "RandomUnknown_2": {
      "positive_examples": [
        "http://www.biopax.org/examples/glycolysis#pathwayStep306",
        "http://www.biopax.org/examples/glycolysis#protein284",
        "http://www.biopax.org/examples/glycolysis#modulation317",
        "http://www.biopax.org/examples/glycolysis#smallMolecule91",
        "http://www.biopax.org/examples/glycolysis#physicalEntityParticipant37"
      ],
      "negative_examples": [
        "http://www.biopax.org/examples/glycolysis#unificationXref168",
        "http://www.biopax.org/examples/glycolysis#physicalEntityParticipant300",
        "http://www.biopax.org/examples/glycolysis#chemicalStructure230",
        "http://www.biopax.org/examples/glycolysis#unificationXref187",
        "http://www.biopax.org/examples/glycolysis#physicalEntityParticipant29"
      ]
    },
    "RandomUnknown_3": {
      "positive_examples": [
        "http://www.biopax.org/examples/glycolysis#biochemicalReaction260",
        "http://www.biopax.org/examples/glycolysis#physicalEntityParticipant85",
        "http://www.biopax.org/examples/glycolysis#physicalEntityParticipant5",
        "http://www.biopax.org/examples/glycolysis#unificationXref271",
        "http://www.biopax.org/examples/glycolysis#modulation152"
      ],
      "negative_examples": [
        "http://www.biopax.org/examples/glycolysis#physicalEntityParticipant148",
        "http://www.biopax.org/examples/glycolysis#protein123",
        "http://www.biopax.org/examples/glycolysis#complex241",
        "http://www.biopax.org/examples/glycolysis#unificationXref231",
        "http://www.biopax.org/examples/glycolysis#unificationXref87"
      ]
    },
    "RandomUnknown_4": {
      "positive_examples": [
        "http://www.biopax.org/examples/glycolysis#unificationXref128",
        "http://www.biopax.org/examples/glycolysis#complex96",
        "http://www.biopax.org/examples/glycolysis#publicationXref192",
        "http://www.biopax.org/examples/glycolysis#unificationXref87",
        "http://www.biopax.org/examples/glycolysis#unificationXref52"
      ],
      "negative_examples": [
        "http://www.biopax.org/examples/glycolysis#bioSource43",
        "http://www.biopax.org/examples/glycolysis#unificationXref254",
        "http://www.biopax.org/examples/glycolysis#relationshipXref46",
        "http://www.biopax.org/examples/glycolysis#chemicalStructure263",
        "http://www.biopax.org/examples/glycolysis#publicationXref94"
      ]
    },
    "RandomUnknown_5": {
      "positive_examples": [
        "http://www.biopax.org/examples/glycolysis#modulation215",
        "http://www.biopax.org/examples/glycolysis#unificationXref253",
        "http://www.biopax.org/examples/glycolysis#unificationXref175",
        "http://www.biopax.org/examples/glycolysis#unificationXref103",
        "http://www.biopax.org/examples/glycolysis#unificationXref156"
      ],
      "negative_examples": [
        "http://www.biopax.org/examples/glycolysis#unificationXref256",
        "http://www.biopax.org/examples/glycolysis#relationshipXref67",
        "http://www.biopax.org/examples/glycolysis#smallMolecule134",
        "http://www.biopax.org/examples/glycolysis#catalysis189",
        "http://www.biopax.org/examples/glycolysis#physicalEntityParticipant315"
      ]
    },
    "RandomUnknown_6": {
      "positive_examples": [
        "http://www.biopax.org/examples/glycolysis#physicalEntityParticipant90",
        "http://www.biopax.org/examples/glycolysis#biochemicalReaction260",
        "http://www.biopax.org/examples/glycolysis#chemicalStructure230",
        "http://www.biopax.org/examples/glycolysis#biochemicalReaction13",
        "http://www.biopax.org/examples/glycolysis#unificationXref144"
      ],
      "negative_examples": [
        "http://www.biopax.org/examples/glycolysis#unificationXref125",
        "http://www.biopax.org/examples/glycolysis#unificationXref78",
        "http://www.biopax.org/examples/glycolysis#smallMolecule115",
        "http://www.biopax.org/examples/glycolysis#modulation206",
        "http://www.biopax.org/examples/glycolysis#publicationXref94"
      ]
    },
    "RandomUnknown_7": {
      "positive_examples": [
        "http://www.biopax.org/examples/glycolysis#catalysis296",
        "http://www.biopax.org/examples/glycolysis#unificationXref125",
        "http://www.biopax.org/examples/glycolysis#unificationXref101",
        "http://www.biopax.org/examples/glycolysis#pathwayStep307",
        "http://www.biopax.org/examples/glycolysis#modulation147"
      ],
      "negative_examples": [
        "http://www.biopax.org/examples/glycolysis#unificationXref128",
        "http://www.biopax.org/examples/glycolysis#catalysis83",
        "http://www.biopax.org/examples/glycolysis#physicalEntityParticipant39",
        "http://www.biopax.org/examples/glycolysis#smallMolecule111",
        "http://www.biopax.org/examples/glycolysis#physicalEntityParticipant138"
      ]
    },
    "RandomUnknown_8": {
      "positive_examples": [
        "http://www.biopax.org/examples/glycolysis#smallMolecule155",
        "http://www.biopax.org/examples/glycolysis#catalysis296",
        "http://www.biopax.org/examples/glycolysis#smallMolecule218",
        "http://www.biopax.org/examples/glycolysis#unificationXref213",
        "http://www.biopax.org/examples/glycolysis#smallMolecule304"
      ],
      "negative_examples": [
        "http://www.biopax.org/examples/glycolysis#unificationXref279",
        "http://www.biopax.org/examples/glycolysis#unificationXref267",
        "http://www.biopax.org/examples/glycolysis#unificationXref255",
        "http://www.biopax.org/examples/glycolysis#complex191",
        "http://www.biopax.org/examples/glycolysis#unificationXref68"
      ]
    },
    "RandomUnknown_9": {
      "positive_examples": [
        "http://www.biopax.org/examples/glycolysis#physicalEntityParticipant173",
        "http://www.biopax.org/examples/glycolysis#unificationXref129",
        "http://www.biopax.org/examples/glycolysis#publicationXref259",
        "http://www.biopax.org/examples/glycolysis#publicationXref244",
        "http://www.biopax.org/examples/glycolysis#physicalEntityParticipant120"
      ],
      "negative_examples": [
        "http://www.biopax.org/examples/glycolysis#protein209",
        "http://www.biopax.org/examples/glycolysis#relationshipXref266",
        "http://www.biopax.org/examples/glycolysis#pathwayStep309",
        "http://www.biopax.org/examples/glycolysis#physicalEntityParticipant228",
        "http://www.biopax.org/examples/glycolysis#complex241"
      ]
    },
    "RandomUnknown_10": {
      "positive_examples": [
        "http://www.biopax.org/examples/glycolysis#chemicalStructure35",
        "http://www.biopax.org/examples/glycolysis#physicalEntityParticipant26",
        "http://www.biopax.org/examples/glycolysis#unificationXref168",
        "http://www.biopax.org/examples/glycolysis#smallMolecule34",
        "http://www.biopax.org/examples/glycolysis#physicalEntityParticipant208"
      ],
      "negative_examples": [
        "http://www.biopax.org/examples/glycolysis#physicalEntityParticipant76",
        "http://www.biopax.org/examples/glycolysis#publicationXref275",
        "http://www.biopax.org/examples/glycolysis#unificationXref129",
        "http://www.biopax.org/examples/glycolysis#physicalEntityParticipant162",
        "http://www.biopax.org/examples/glycolysis#relationshipXref285"
      ]
    },
    "RandomUnknown_11": {
      "positive_examples": [
        "http://www.biopax.org/examples/glycolysis#physicalEntityParticipant261",
        "http://www.biopax.org/examples/glycolysis#complex96",
        "http://www.biopax.org/examples/glycolysis#unificationXref287",
        "http://www.biopax.org/examples/glycolysis#relationshipXref142",
        "http://www.biopax.org/examples/glycolysis#relationshipXref258"
      ],
      "negative_examples": [
        "http://www.biopax.org/examples/glycolysis#protein284",
        "http://www.biopax.org/examples/glycolysis#smallMolecule30",
        "http://www.biopax.org/examples/glycolysis#smallMolecule62",
        "http://www.biopax.org/examples/glycolysis#unificationXref156",
        "http://www.biopax.org/examples/glycolysis#physicalEntityParticipant281"
      ]
    },
    "RandomUnknown_12": {
      "positive_examples": [
        "http://www.biopax.org/examples/glycolysis#smallMolecule181",
        "http://www.biopax.org/examples/glycolysis#unificationXref128",
        "http://www.biopax.org/examples/glycolysis#complex282",
        "http://www.biopax.org/examples/glycolysis#physicalEntityParticipant154",
        "http://www.biopax.org/examples/glycolysis#publicationXref220"
      ],
      "negative_examples": [
        "http://www.biopax.org/examples/glycolysis#modulation215",
        "http://www.biopax.org/examples/glycolysis#physicalEntityParticipant61",
        "http://www.biopax.org/examples/glycolysis#physicalEntityParticipant195",
        "http://www.biopax.org/examples/glycolysis#physicalEntityParticipant74",
        "http://www.biopax.org/examples/glycolysis#publicationXref10"
      ]
    },
    "RandomUnknown_13": {
      "positive_examples": [
        "http://www.biopax.org/examples/glycolysis#unificationXref117",
        "http://www.biopax.org/examples/glycolysis#publicationXref194",
        "http://www.biopax.org/examples/glycolysis#physicalEntityParticipant159",
        "http://www.biopax.org/examples/glycolysis#pathwayStep309",
        "http://www.biopax.org/examples/glycolysis#complex265"
      ],
      "negative_examples": [
        "http://www.biopax.org/examples/glycolysis#smallMolecule247",
        "http://www.biopax.org/examples/glycolysis#pathwayStep307",
        "http://www.biopax.org/examples/glycolysis#complex38",
        "http://www.biopax.org/examples/glycolysis#smallMolecule185",
        "http://www.biopax.org/examples/glycolysis#publicationXref14"
      ]
    },
    "RandomUnknown_14": {
      "positive_examples": [
        "http://www.biopax.org/examples/glycolysis#unificationXref31",
        "http://www.biopax.org/examples/glycolysis#physicalEntityParticipant26",
        "http://www.biopax.org/examples/glycolysis#unificationXref126",
        "http://www.biopax.org/examples/glycolysis#protein66",
        "http://www.biopax.org/examples/glycolysis#unificationXref165"
      ],
      "negative_examples": [
        "http://www.biopax.org/examples/glycolysis#unificationXref103",
        "http://www.biopax.org/examples/glycolysis#unificationXref118",
        "http://www.biopax.org/examples/glycolysis#unificationXref166",
        "http://www.biopax.org/examples/glycolysis#complex191",
        "http://www.biopax.org/examples/glycolysis#modulation153"
      ]
    },
    "RandomUnknown_15": {
      "positive_examples": [
        "http://www.biopax.org/examples/glycolysis#biochemicalReaction84",
        "http://www.biopax.org/examples/glycolysis#modulation108",
        "http://www.biopax.org/examples/glycolysis#unificationXref101",
        "http://www.biopax.org/examples/glycolysis#publicationXref10",
        "http://www.biopax.org/examples/glycolysis#relationshipXref142"
      ],
      "negative_examples": [
        "http://www.biopax.org/examples/glycolysis#physicalEntityParticipant190",
        "http://www.biopax.org/examples/glycolysis#protein290",
        "http://www.biopax.org/examples/glycolysis#smallMolecule185",
        "http://www.biopax.org/examples/glycolysis#smallMolecule234",
        "http://www.biopax.org/examples/glycolysis#smallMolecule160"
      ]
    },
    "RandomUnknown_16": {
      "positive_examples": [
        "http://www.biopax.org/examples/glycolysis#pathway305",
        "http://www.biopax.org/examples/glycolysis#smallMolecule91",
        "http://www.biopax.org/examples/glycolysis#unificationXref92",
        "http://www.biopax.org/examples/glycolysis#smallMolecule304",
        "http://www.biopax.org/examples/glycolysis#relationshipXref131"
      ],
      "negative_examples": [
        "http://www.biopax.org/examples/glycolysis#publicationXref275",
        "http://www.biopax.org/examples/glycolysis#unificationXref127",
        "http://www.biopax.org/examples/glycolysis#modulation313",
        "http://www.biopax.org/examples/glycolysis#chemicalStructure230",
        "http://www.biopax.org/examples/glycolysis#biochemicalReaction205"
      ]
    },
    "RandomUnknown_17": {
      "positive_examples": [
        "http://www.biopax.org/examples/glycolysis#physicalEntityParticipant312",
        "http://www.biopax.org/examples/glycolysis#pathwayStep54",
        "http://www.biopax.org/examples/glycolysis#complex121",
        "http://www.biopax.org/examples/glycolysis#protein66",
        "http://www.biopax.org/examples/glycolysis#publicationXref192"
      ],
      "negative_examples": [
        "http://www.biopax.org/examples/glycolysis#relationshipXref266",
        "http://www.biopax.org/examples/glycolysis#physicalEntityParticipant57",
        "http://www.biopax.org/examples/glycolysis#relationshipXref131",
        "http://www.biopax.org/examples/glycolysis#catalysis137",
        "http://www.biopax.org/examples/glycolysis#unificationXref18"
      ]
    },
    "RandomUnknown_18": {
      "positive_examples": [
        "http://www.biopax.org/examples/glycolysis#modulation136",
        "http://www.biopax.org/examples/glycolysis#physicalEntityParticipant76",
        "http://www.biopax.org/examples/glycolysis#chemicalStructure32",
        "http://www.biopax.org/examples/glycolysis#unificationXref255",
        "http://www.biopax.org/examples/glycolysis#smallMolecule304"
      ],
      "negative_examples": [
        "http://www.biopax.org/examples/glycolysis#relationshipXref67",
        "http://www.biopax.org/examples/glycolysis#publicationXref220",
        "http://www.biopax.org/examples/glycolysis#unificationXref187",
        "http://www.biopax.org/examples/glycolysis#unificationXref252",
        "http://www.biopax.org/examples/glycolysis#unificationXref80"
      ]
    },
    "RandomUnknown_19": {
      "positive_examples": [
        "http://www.biopax.org/examples/glycolysis#pathway305",
        "http://www.biopax.org/examples/glycolysis#modulation136",
        "http://www.biopax.org/examples/glycolysis#physicalEntityParticipant16",
        "http://www.biopax.org/examples/glycolysis#smallMolecule268",
        "http://www.biopax.org/examples/glycolysis#publicationXref9"
      ],
      "negative_examples": [
        "http://www.biopax.org/examples/glycolysis#complex282",
        "http://www.biopax.org/examples/glycolysis#chemicalStructure236",
        "http://www.biopax.org/examples/glycolysis#complex38",
        "http://www.biopax.org/examples/glycolysis#unificationXref100",
        "http://www.biopax.org/examples/glycolysis#publicationXref14"
      ]
    },
    "RandomUnknown_20": {
      "positive_examples": [
        "http://www.biopax.org/examples/glycolysis#physicalEntityParticipant122",
        "http://www.biopax.org/examples/glycolysis#chemicalStructure53",
        "http://www.biopax.org/examples/glycolysis#unificationXref48",
        "http://www.biopax.org/examples/glycolysis#modulation311",
        "http://www.biopax.org/examples/glycolysis#smallMolecule178"
      ],
      "negative_examples": [
        "http://www.biopax.org/examples/glycolysis#modulation206",
        "http://www.biopax.org/examples/glycolysis#smallMolecule58",
        "http://www.biopax.org/examples/glycolysis#smallMolecule19",
        "http://www.biopax.org/examples/glycolysis#unificationXref278",
        "http://www.biopax.org/examples/glycolysis#unificationXref49"
      ]
    },
    "RandomUnknown_21": {
      "positive_examples": [
        "http://www.biopax.org/examples/glycolysis#unificationXref167",
        "http://www.biopax.org/examples/glycolysis#unificationXref255",
        "http://www.biopax.org/examples/glycolysis#publicationXref244",
        "http://www.biopax.org/examples/glycolysis#physicalEntityParticipant228",
        "http://www.biopax.org/examples/glycolysis#smallMolecule160"
      ],
      "negative_examples": [
        "http://www.biopax.org/examples/glycolysis#pathwayStep171",
        "http://www.biopax.org/examples/glycolysis#bioSource43",
        "http://www.biopax.org/examples/glycolysis#unificationXref103",
        "http://www.biopax.org/examples/glycolysis#complex75",
        "http://www.biopax.org/examples/glycolysis#unificationXref47"
      ]
    },
    "RandomUnknown_22": {
      "positive_examples": [
        "http://www.biopax.org/examples/glycolysis#physicalEntityParticipant300",
        "http://www.biopax.org/examples/glycolysis#unificationXref201",
        "http://www.biopax.org/examples/glycolysis#smallMolecule111",
        "http://www.biopax.org/examples/glycolysis#catalysis207",
        "http://www.biopax.org/examples/glycolysis#physicalEntityParticipant283"
      ],
      "negative_examples": [
        "http://www.biopax.org/examples/glycolysis#physicalEntityParticipant122",
        "http://www.biopax.org/examples/glycolysis#publicationXref220",
        "http://www.biopax.org/examples/glycolysis#catalysis293",
        "http://www.biopax.org/examples/glycolysis#unificationXref151",
        "http://www.biopax.org/examples/glycolysis#publicationXref94"
      ]
    },
    "RandomUnknown_23": {
      "positive_examples": [
        "http://www.biopax.org/examples/glycolysis#smallMolecule106",
        "http://www.biopax.org/examples/glycolysis#smallMolecule304",
        "http://www.biopax.org/examples/glycolysis#dataSource319",
        "http://www.biopax.org/examples/glycolysis#physicalEntityParticipant22",
        "http://www.biopax.org/examples/glycolysis#modulation147"
      ],
      "negative_examples": [
        "http://www.biopax.org/examples/glycolysis#physicalEntityParticipant180",
        "http://www.biopax.org/examples/glycolysis#physicalEntityParticipant140",
        "http://www.biopax.org/examples/glycolysis#biochemicalReaction113",
        "http://www.biopax.org/examples/glycolysis#chemicalStructure7",
        "http://www.biopax.org/examples/glycolysis#chemicalStructure135"
      ]
    },
    "RandomUnknown_24": {
      "positive_examples": [
        "http://www.biopax.org/examples/glycolysis#modulation108",
        "http://www.biopax.org/examples/glycolysis#chemicalStructure183",
        "http://www.biopax.org/examples/glycolysis#smallMolecule115",
        "http://www.biopax.org/examples/glycolysis#unificationXref187",
        "http://www.biopax.org/examples/glycolysis#smallMolecule34"
      ],
      "negative_examples": [
        "http://www.biopax.org/examples/glycolysis#unificationXref31",
        "http://www.biopax.org/examples/glycolysis#publicationXref275",
        "http://www.biopax.org/examples/glycolysis#unificationXref59",
        "http://www.biopax.org/examples/glycolysis#chemicalStructure60",
        "http://www.biopax.org/examples/glycolysis#physicalEntityParticipant37"
      ]
    },
    "RandomUnknown_25": {
      "positive_examples": [
        "http://www.biopax.org/examples/glycolysis#complex139",
        "http://www.biopax.org/examples/glycolysis#pathwayStep307",
        "http://www.biopax.org/examples/glycolysis#modulation237",
        "http://www.biopax.org/examples/glycolysis#unificationXref286",
        "http://www.biopax.org/examples/glycolysis#relationshipXref285"
      ],
      "negative_examples": [
        "http://www.biopax.org/examples/glycolysis#biochemicalReaction56",
        "http://www.biopax.org/examples/glycolysis#biochemicalReaction113",
        "http://www.biopax.org/examples/glycolysis#unificationXref225",
        "http://www.biopax.org/examples/glycolysis#complex265",
        "http://www.biopax.org/examples/glycolysis#smallMolecule160"
      ]
    },
    "RandomUnknown_26": {
      "positive_examples": [
        "http://www.biopax.org/examples/glycolysis#publicationXref12",
        "http://www.biopax.org/examples/glycolysis#physicalEntityParticipant300",
        "http://www.biopax.org/examples/glycolysis#unificationXref99",
        "http://www.biopax.org/examples/glycolysis#physicalEntityParticipant240",
        "http://www.biopax.org/examples/glycolysis#publicationXref10"
      ],
      "negative_examples": [
        "http://www.biopax.org/examples/glycolysis#physicalEntityParticipant173",
        "http://www.biopax.org/examples/glycolysis#physicalEntityParticipant26",
        "http://www.biopax.org/examples/glycolysis#unificationXref144",
        "http://www.biopax.org/examples/glycolysis#unificationXref44",
        "http://www.biopax.org/examples/glycolysis#chemicalStructure269"
      ]
    },
    "RandomUnknown_27": {
      "positive_examples": [
        "http://www.biopax.org/examples/glycolysis#publicationXref15",
        "http://www.biopax.org/examples/glycolysis#biochemicalReaction172",
        "http://www.biopax.org/examples/glycolysis#chemicalStructure150",
        "http://www.biopax.org/examples/glycolysis#unificationXref119",
        "http://www.biopax.org/examples/glycolysis#unificationXref212"
      ],
      "negative_examples": [
        "http://www.biopax.org/examples/glycolysis#physicalEntityParticipant323",
        "http://www.biopax.org/examples/glycolysis#publicationXref9",
        "http://www.biopax.org/examples/glycolysis#protein209",
        "http://www.biopax.org/examples/glycolysis#unificationXref47",
        "http://www.biopax.org/examples/glycolysis#unificationXref64"
      ]
    },
    "RandomUnknown_28": {
      "positive_examples": [
        "http://www.biopax.org/examples/glycolysis#pathwayStep107",
        "http://www.biopax.org/examples/glycolysis#modulation318",
        "http://www.biopax.org/examples/glycolysis#publicationXref244",
        "http://www.biopax.org/examples/glycolysis#catalysis207",
        "http://www.biopax.org/examples/glycolysis#smallMolecule86"
      ],
      "negative_examples": [
        "http://www.biopax.org/examples/glycolysis#relationshipXref266",
        "http://www.biopax.org/examples/glycolysis#physicalEntityParticipant159",
        "http://www.biopax.org/examples/glycolysis#physicalEntityParticipant289",
        "http://www.biopax.org/examples/glycolysis#openControlledVocabulary40",
        "http://www.biopax.org/examples/glycolysis#unificationXref49"
      ]
    },
    "RandomUnknown_29": {
      "positive_examples": [
        "http://www.biopax.org/examples/glycolysis#unificationXref103",
        "http://www.biopax.org/examples/glycolysis#physicalEntityParticipant154",
        "http://www.biopax.org/examples/glycolysis#physicalEntityParticipant71",
        "http://www.biopax.org/examples/glycolysis#unificationXref210",
        "http://www.biopax.org/examples/glycolysis#physicalEntityParticipant281"
      ],
      "negative_examples": [
        "http://www.biopax.org/examples/glycolysis#modulation215",
        "http://www.biopax.org/examples/glycolysis#unificationXref256",
        "http://www.biopax.org/examples/glycolysis#physicalEntityParticipant74",
        "http://www.biopax.org/examples/glycolysis#unificationXref255",
        "http://www.biopax.org/examples/glycolysis#relationshipXref131"
      ]
    },
    "RandomUnknown_30": {
      "positive_examples": [
        "http://www.biopax.org/examples/glycolysis#physicalEntityParticipant122",
        "http://www.biopax.org/examples/glycolysis#pathwayStep171",
        "http://www.biopax.org/examples/glycolysis#unificationXref197",
        "http://www.biopax.org/examples/glycolysis#smallMolecule72",
        "http://www.biopax.org/examples/glycolysis#unificationXref130"
      ],
      "negative_examples": [
        "http://www.biopax.org/examples/glycolysis#publicationXref244",
        "http://www.biopax.org/examples/glycolysis#relationshipXref131",
        "http://www.biopax.org/examples/glycolysis#smallMolecule304",
        "http://www.biopax.org/examples/glycolysis#catalysis299",
        "http://www.biopax.org/examples/glycolysis#biochemicalReaction205"
      ]
    },
    "RandomUnknown_31": {
      "positive_examples": [
        "http://www.biopax.org/examples/glycolysis#unificationXref235",
        "http://www.biopax.org/examples/glycolysis#unificationXref288",
        "http://www.biopax.org/examples/glycolysis#modulation158",
        "http://www.biopax.org/examples/glycolysis#smallMolecule178",
        "http://www.biopax.org/examples/glycolysis#unificationXref212"
      ],
      "negative_examples": [
        "http://www.biopax.org/examples/glycolysis#biochemicalReaction56",
        "http://www.biopax.org/examples/glycolysis#chemicalStructure24",
        "http://www.biopax.org/examples/glycolysis#complex121",
        "http://www.biopax.org/examples/glycolysis#pathwayStep309",
        "http://www.biopax.org/examples/glycolysis#chemicalStructure7"
      ]
    },
    "RandomUnknown_32": {
      "positive_examples": [
        "http://www.biopax.org/examples/glycolysis#physicalEntityParticipant300",
        "http://www.biopax.org/examples/glycolysis#protein290",
        "http://www.biopax.org/examples/glycolysis#smallMolecule111",
        "http://www.biopax.org/examples/glycolysis#protein42",
        "http://www.biopax.org/examples/glycolysis#unificationXref87"
      ],
      "negative_examples": [
        "http://www.biopax.org/examples/glycolysis#unificationXref246",
        "http://www.biopax.org/examples/glycolysis#unificationXref271",
        "http://www.biopax.org/examples/glycolysis#physicalEntityParticipant39",
        "http://www.biopax.org/examples/glycolysis#complex38",
        "http://www.biopax.org/examples/glycolysis#physicalEntityParticipant37"
      ]
    },
    "RandomUnknown_33": {
      "positive_examples": [
        "http://www.biopax.org/examples/glycolysis#complex273",
        "http://www.biopax.org/examples/glycolysis#protein277",
        "http://www.biopax.org/examples/glycolysis#relationshipXref67",
        "http://www.biopax.org/examples/glycolysis#unificationXref118",
        "http://www.biopax.org/examples/glycolysis#smallMolecule268"
      ],
      "negative_examples": [
        "http://www.biopax.org/examples/glycolysis#chemicalStructure116",
        "http://www.biopax.org/examples/glycolysis#complex121",
        "http://www.biopax.org/examples/glycolysis#chemicalStructure7",
        "http://www.biopax.org/examples/glycolysis#relationshipXref142",
        "http://www.biopax.org/examples/glycolysis#unificationXref212"
      ]
    },
    "RandomUnknown_34": {
      "positive_examples": [
        "http://www.biopax.org/examples/glycolysis#physicalEntityParticipant85",
        "http://www.biopax.org/examples/glycolysis#unificationXref225",
        "http://www.biopax.org/examples/glycolysis#smallMolecule115",
        "http://www.biopax.org/examples/glycolysis#smallMolecule58",
        "http://www.biopax.org/examples/glycolysis#smallMolecule19"
      ],
      "negative_examples": [
        "http://www.biopax.org/examples/glycolysis#unificationXref21",
        "http://www.biopax.org/examples/glycolysis#unificationXref127",
        "http://www.biopax.org/examples/glycolysis#physicalEntityParticipant264",
        "http://www.biopax.org/examples/glycolysis#relationshipXref46",
        "http://www.biopax.org/examples/glycolysis#chemicalStructure269"
      ]
    },
    "RandomUnknown_35": {
      "positive_examples": [
        "http://www.biopax.org/examples/glycolysis#smallMolecule155",
        "http://www.biopax.org/examples/glycolysis#unificationXref199",
        "http://www.biopax.org/examples/glycolysis#publicationXref15",
        "http://www.biopax.org/examples/glycolysis#unificationXref197",
        "http://www.biopax.org/examples/glycolysis#smallMolecule185"
      ],
      "negative_examples": [
        "http://www.biopax.org/examples/glycolysis#unificationXref198",
        "http://www.biopax.org/examples/glycolysis#unificationXref175",
        "http://www.biopax.org/examples/glycolysis#smallMolecule268",
        "http://www.biopax.org/examples/glycolysis#unificationXref78",
        "http://www.biopax.org/examples/glycolysis#smallMolecule72"
      ]
    },
    "RandomUnknown_36": {
      "positive_examples": [
        "http://www.biopax.org/examples/glycolysis#pathwayStep171",
        "http://www.biopax.org/examples/glycolysis#unificationXref279",
        "http://www.biopax.org/examples/glycolysis#chemicalStructure53",
        "http://www.biopax.org/examples/glycolysis#unificationXref79",
        "http://www.biopax.org/examples/glycolysis#unificationXref80"
      ],
      "negative_examples": [
        "http://www.biopax.org/examples/glycolysis#protein98",
        "http://www.biopax.org/examples/glycolysis#modulation316",
        "http://www.biopax.org/examples/glycolysis#protein163",
        "http://www.biopax.org/examples/glycolysis#complex241",
        "http://www.biopax.org/examples/glycolysis#catalysis161"
      ]
    },
    "RandomUnknown_37": {
      "positive_examples": [
        "http://www.biopax.org/examples/glycolysis#physicalEntityParticipant110",
        "http://www.biopax.org/examples/glycolysis#protein141",
        "http://www.biopax.org/examples/glycolysis#biochemicalReaction56",
        "http://www.biopax.org/examples/glycolysis#unificationXref92",
        "http://www.biopax.org/examples/glycolysis#pathwayStep204"
      ],
      "negative_examples": [
        "http://www.biopax.org/examples/glycolysis#chemicalStructure157",
        "http://www.biopax.org/examples/glycolysis#smallMolecule178",
        "http://www.biopax.org/examples/glycolysis#physicalEntityParticipant242",
        "http://www.biopax.org/examples/glycolysis#relationshipXref131",
        "http://www.biopax.org/examples/glycolysis#publicationXref94"
      ]
    },
    "RandomUnknown_38": {
      "positive_examples": [
        "http://www.biopax.org/examples/glycolysis#unificationXref125",
        "http://www.biopax.org/examples/glycolysis#chemicalStructure219",
        "http://www.biopax.org/examples/glycolysis#physicalEntityParticipant233",
        "http://www.biopax.org/examples/glycolysis#protein66",
        "http://www.biopax.org/examples/glycolysis#unificationXref64"
      ],
      "negative_examples": [
        "http://www.biopax.org/examples/glycolysis#complex139",
        "http://www.biopax.org/examples/glycolysis#physicalEntityParticipant276",
        "http://www.biopax.org/examples/glycolysis#chemicalStructure63",
        "http://www.biopax.org/examples/glycolysis#protein209",
        "http://www.biopax.org/examples/glycolysis#physicalEntityParticipant138"
      ]
    },
    "RandomUnknown_39": {
      "positive_examples": [
        "http://www.biopax.org/examples/glycolysis#physicalEntityParticipant26",
        "http://www.biopax.org/examples/glycolysis#smallMolecule6",
        "http://www.biopax.org/examples/glycolysis#physicalEntityParticipant33",
        "http://www.biopax.org/examples/glycolysis#unificationXref286",
        "http://www.biopax.org/examples/glycolysis#unificationXref18"
      ],
      "negative_examples": [
        "http://www.biopax.org/examples/glycolysis#unificationXref21",
        "http://www.biopax.org/examples/glycolysis#physicalEntityParticipant180",
        "http://www.biopax.org/examples/glycolysis#unificationXref79",
        "http://www.biopax.org/examples/glycolysis#complex265",
        "http://www.biopax.org/examples/glycolysis#unificationXref87"
      ]
    },
    "RandomUnknown_40": {
      "positive_examples": [
        "http://www.biopax.org/examples/glycolysis#protein290",
        "http://www.biopax.org/examples/glycolysis#publicationXref274",
        "http://www.biopax.org/examples/glycolysis#chemicalStructure112",
        "http://www.biopax.org/examples/glycolysis#pathwayStep309",
        "http://www.biopax.org/examples/glycolysis#complex265"
      ],
      "negative_examples": [
        "http://www.biopax.org/examples/glycolysis#physicalEntityParticipant190",
        "http://www.biopax.org/examples/glycolysis#physicalEntityParticipant57",
        "http://www.biopax.org/examples/glycolysis#unificationXref101",
        "http://www.biopax.org/examples/glycolysis#chemicalStructure219",
        "http://www.biopax.org/examples/glycolysis#relationshipXref291"
      ]
    },
    "RandomUnknown_41": {
      "positive_examples": [
        "http://www.biopax.org/examples/glycolysis#physicalEntityParticipant261",
        "http://www.biopax.org/examples/glycolysis#protein290",
        "http://www.biopax.org/examples/glycolysis#unificationXref226",
        "http://www.biopax.org/examples/glycolysis#modulation310",
        "http://www.biopax.org/examples/glycolysis#relationshipXref258"
      ],
      "negative_examples": [
        "http://www.biopax.org/examples/glycolysis#protein98",
        "http://www.biopax.org/examples/glycolysis#unificationXref25",
        "http://www.biopax.org/examples/glycolysis#pathwayStep307",
        "http://www.biopax.org/examples/glycolysis#modulation237",
        "http://www.biopax.org/examples/glycolysis#catalysis109"
      ]
    },
    "RandomUnknown_42": {
      "positive_examples": [
        "http://www.biopax.org/examples/glycolysis#modulation317",
        "http://www.biopax.org/examples/glycolysis#complex96",
        "http://www.biopax.org/examples/glycolysis#modulation237",
        "http://www.biopax.org/examples/glycolysis#modulation152",
        "http://www.biopax.org/examples/glycolysis#physicalEntityParticipant228"
      ],
      "negative_examples": [
        "http://www.biopax.org/examples/glycolysis#protein284",
        "http://www.biopax.org/examples/glycolysis#smallMolecule178",
        "http://www.biopax.org/examples/glycolysis#physicalEntityParticipant242",
        "http://www.biopax.org/examples/glycolysis#unificationXref145",
        "http://www.biopax.org/examples/glycolysis#protein42"
      ]
    },
    "RandomUnknown_43": {
      "positive_examples": [
        "http://www.biopax.org/examples/glycolysis#protein98",
        "http://www.biopax.org/examples/glycolysis#modulation1",
        "http://www.biopax.org/examples/glycolysis#biochemicalReaction172",
        "http://www.biopax.org/examples/glycolysis#catalysis189",
        "http://www.biopax.org/examples/glycolysis#protein221"
      ],
      "negative_examples": [
        "http://www.biopax.org/examples/glycolysis#publicationXref12",
        "http://www.biopax.org/examples/glycolysis#unificationXref129",
        "http://www.biopax.org/examples/glycolysis#modulation108",
        "http://www.biopax.org/examples/glycolysis#publicationXref222",
        "http://www.biopax.org/examples/glycolysis#relationshipXref214"
      ]
    },
    "RandomUnknown_44": {
      "positive_examples": [
        "http://www.biopax.org/examples/glycolysis#physicalEntityParticipant195",
        "http://www.biopax.org/examples/glycolysis#unificationXref79",
        "http://www.biopax.org/examples/glycolysis#pathwayStep309",
        "http://www.biopax.org/examples/glycolysis#unificationXref278",
        "http://www.biopax.org/examples/glycolysis#physicalEntityParticipant29"
      ],
      "negative_examples": [
        "http://www.biopax.org/examples/glycolysis#unificationXref127",
        "http://www.biopax.org/examples/glycolysis#biochemicalReaction172",
        "http://www.biopax.org/examples/glycolysis#unificationXref80",
        "http://www.biopax.org/examples/glycolysis#protein163",
        "http://www.biopax.org/examples/glycolysis#unificationXref68"
      ]
    },
    "RandomUnknown_45": {
      "positive_examples": [
        "http://www.biopax.org/examples/glycolysis#unificationXref267",
        "http://www.biopax.org/examples/glycolysis#unificationXref36",
        "http://www.biopax.org/examples/glycolysis#unificationXref118",
        "http://www.biopax.org/examples/glycolysis#biochemicalReaction113",
        "http://www.biopax.org/examples/glycolysis#unificationXref52"
      ],
      "negative_examples": [
        "http://www.biopax.org/examples/glycolysis#catalysis321",
        "http://www.biopax.org/examples/glycolysis#relationshipXref164",
        "http://www.biopax.org/examples/glycolysis#physicalEntityParticipant39",
        "http://www.biopax.org/examples/glycolysis#physicalEntityParticipant289",
        "http://www.biopax.org/examples/glycolysis#relationshipXref291"
      ]
    },
    "RandomUnknown_46": {
      "positive_examples": [
        "http://www.biopax.org/examples/glycolysis#chemicalStructure35",
        "http://www.biopax.org/examples/glycolysis#chemicalStructure32",
        "http://www.biopax.org/examples/glycolysis#catalysis73",
        "http://www.biopax.org/examples/glycolysis#modulation298",
        "http://www.biopax.org/examples/glycolysis#unificationXref44"
      ],
      "negative_examples": [
        "http://www.biopax.org/examples/glycolysis#relationshipXref285",
        "http://www.biopax.org/examples/glycolysis#smallMolecule30",
        "http://www.biopax.org/examples/glycolysis#chemicalStructure32",
        "http://www.biopax.org/examples/glycolysis#smallMolecule34",
        "http://www.biopax.org/examples/glycolysis#physicalEntityParticipant228"
      ]
    },
    "RandomUnknown_47": {
      "positive_examples": [
        "http://www.biopax.org/examples/glycolysis#chemicalStructure20",
        "http://www.biopax.org/examples/glycolysis#physicalEntityParticipant5",
        "http://www.biopax.org/examples/glycolysis#chemicalStructure179",
        "http://www.biopax.org/examples/glycolysis#smallMolecule111",
        "http://www.biopax.org/examples/glycolysis#unificationXref224"
      ],
      "negative_examples": [
        "http://www.biopax.org/examples/glycolysis#unificationXref199",
        "http://www.biopax.org/examples/glycolysis#physicalEntityParticipant26",
        "http://www.biopax.org/examples/glycolysis#protein141",
        "http://www.biopax.org/examples/glycolysis#physicalEntityParticipant140",
        "http://www.biopax.org/examples/glycolysis#unificationXref100"
      ]
    },
    "RandomUnknown_48": {
      "positive_examples": [
        "http://www.biopax.org/examples/glycolysis#unificationXref267",
        "http://www.biopax.org/examples/glycolysis#relationshipXref102",
        "http://www.biopax.org/examples/glycolysis#smallMolecule58",
        "http://www.biopax.org/examples/glycolysis#complex241",
        "http://www.biopax.org/examples/glycolysis#unificationXref124"
      ],
      "negative_examples": [
        "http://www.biopax.org/examples/glycolysis#protein277",
        "http://www.biopax.org/examples/glycolysis#chemicalStructure63",
        "http://www.biopax.org/examples/glycolysis#biochemicalReaction172",
        "http://www.biopax.org/examples/glycolysis#chemicalStructure88",
        "http://www.biopax.org/examples/glycolysis#physicalEntityParticipant315"
      ]
    },
    "RandomUnknown_49": {
      "positive_examples": [
        "http://www.biopax.org/examples/glycolysis#publicationXref170",
        "http://www.biopax.org/examples/glycolysis#chemicalStructure63",
        "http://www.biopax.org/examples/glycolysis#unificationXref126",
        "http://www.biopax.org/examples/glycolysis#chemicalStructure7",
        "http://www.biopax.org/examples/glycolysis#physicalEntityParticipant303"
      ],
      "negative_examples": [
        "http://www.biopax.org/examples/glycolysis#unificationXref127",
        "http://www.biopax.org/examples/glycolysis#chemicalStructure53",
        "http://www.biopax.org/examples/glycolysis#unificationXref41",
        "http://www.biopax.org/examples/glycolysis#unificationXref118",
        "http://www.biopax.org/examples/glycolysis#smallMolecule160"
      ]
    }
  }
}