{
  "problems": {
    "RandomUnknown_0": {
      "positive_examples": [
        "http://dl-learner.org/mutagenesis#d113_15",
        "http://dl-learner.org/mutagenesis#bond1875",
        "http://dl-learner.org/mutagenesis#d121_31",
        "http://dl-learner.org/mutagenesis#d118_28",
        "http://dl-learner.org/mutagenesis#d81_4",
        "http://dl-learner.org/mutagenesis#bond4610",
        "http://dl-learner.org/mutagenesis#bond473",
        "http://dl-learner.org/mutagenesis#d19_8",
        "http://dl-learner.org/mutagenesis#ring_size_6-1036",
        "http://dl-learner.org/mutagenesis#bond4007"
      ],
      "negative_examples": [
        "http://dl-learner.org/mutagenesis#e11_5",
        "http://dl-learner.org/mutagenesis#bond4395",
        "http://dl-learner.org/mutagenesis#bond4011",
        "http://dl-learner.org/mutagenesis#d42_9",
        "http://dl-learner.org/mutagenesis#f4_3",
        "http://dl-learner.org/mutagenesis#bond982",
        "http://dl-learner.org/mutagenesis#d170_9",
        "http://dl-learner.org/mutagenesis#d58_12",
        "http://dl-learner.org/mutagenesis#e22_3",
        "http://dl-learner.org/mutagenesis#d10_2"
      ]
    },
    "RandomUnknown_1": {
      "positive_examples": [
        "http://dl-learner.org/mutagenesis#bond4366",
        "http://dl-learner.org/mutagenesis#bond723",
        "http://dl-learner.org/mutagenesis#bond6237",
        "http://dl-learner.org/mutagenesis#bond4272",
        "http://dl-learner.org/mutagenesis#bond2959",
        "http://dl-learner.org/mutagenesis#bond2899",
        "http://dl-learner.org/mutagenesis#d173_11",
        "http://dl-learner.org/mutagenesis#d86_17",
        "http://dl-learner.org/mutagenesis#bond2861",
        "http://dl-learner.org/mutagenesis#ring_size_6-930"
      ],
      "negative_examples": [
        "http://dl-learner.org/mutagenesis#phenanthrene-1006",
        "http://dl-learner.org/mutagenesis#bond1839",
        "http://dl-learner.org/mutagenesis#bond4942",
        "http://dl-learner.org/mutagenesis#d167_13",
        "http://dl-learner.org/mutagenesis#d180_1",
        "http://dl-learner.org/mutagenesis#nitro-74",
        "http://dl-learner.org/mutagenesis#bond3424",
        "http://dl-learner.org/mutagenesis#bond3319",
        "http://dl-learner.org/mutagenesis#bond3608",
        "http://dl-learner.org/mutagenesis#bond2109"
      ]
    },
    "RandomUnknown_2": {
      "positive_examples": [
        "http://dl-learner.org/mutagenesis#bond6197",
        "http://dl-learner.org/mutagenesis#bond5940",
        "http://dl-learner.org/mutagenesis#bond713",
        "http://dl-learner.org/mutagenesis#ring_size_6-5",
        "http://dl-learner.org/mutagenesis#d66_6",
        "http://dl-learner.org/mutagenesis#bond5610",
        "http://dl-learner.org/mutagenesis#bond4782",
        "http://dl-learner.org/mutagenesis#bond5910",
        "http://dl-learner.org/mutagenesis#d1_2",
        "http://dl-learner.org/mutagenesis#e24_6"
      ],
      "negative_examples": [
        "http://dl-learner.org/mutagenesis#bond3044",
        "http://dl-learner.org/mutagenesis#d169_2",
        "http://dl-learner.org/mutagenesis#d159_3",
        "http://dl-learner.org/mutagenesis#benzene-580",
        "http://dl-learner.org/mutagenesis#bond5339",
        "http://dl-learner.org/mutagenesis#benzene-818",
        "http://dl-learner.org/mutagenesis#bond3339",
        "http://dl-learner.org/mutagenesis#d67_26",
        "http://dl-learner.org/mutagenesis#bond4079",
        "http://dl-learner.org/mutagenesis#bond4198"
      ]
    },
    "RandomUnknown_3": {
      "positive_examples": [
        "http://dl-learner.org/mutagenesis#d88_19",
        "http://dl-learner.org/mutagenesis#bond4392",
        "http://dl-learner.org/mutagenesis#ball3-1630",
        "http://dl-learner.org/mutagenesis#bond831",
        "http://dl-learner.org/mutagenesis#d107_5",
        "http://dl-learner.org/mutagenesis#d128_22",
        "http://dl-learner.org/mutagenesis#bond4564",
        "http://dl-learner.org/mutagenesis#bond3597",
        "http://dl-learner.org/mutagenesis#bond4893",
        "http://dl-learner.org/mutagenesis#d82_7"
      ],
      "negative_examples": [
        "http://dl-learner.org/mutagenesis#bond530",
        "http://dl-learner.org/mutagenesis#d146_14",
        "http://dl-learner.org/mutagenesis#benzene-1396",
        "http://dl-learner.org/mutagenesis#bond6091",
        "http://dl-learner.org/mutagenesis#bond989",
        "http://dl-learner.org/mutagenesis#d193_8",
        "http://dl-learner.org/mutagenesis#bond5063",
        "http://dl-learner.org/mutagenesis#d50_17",
        "http://dl-learner.org/mutagenesis#bond2267",
        "http://dl-learner.org/mutagenesis#ball3-120"
      ]
    },
    "RandomUnknown_4": {
      "positive_examples": [
        "http://dl-learner.org/mutagenesis#d193_15",
        "http://dl-learner.org/mutagenesis#d47_19",
        "http://dl-learner.org/mutagenesis#hetero_aromatic_5_ring-1490",
        "http://dl-learner.org/mutagenesis#bond28",
        "http://dl-learner.org/mutagenesis#d5_6",
        "http://dl-learner.org/mutagenesis#bond5894",
        "http://dl-learner.org/mutagenesis#benzene-37",
        "http://dl-learner.org/mutagenesis#ring_size_6-341",
        "http://dl-learner.org/mutagenesis#d8_24",
        "http://dl-learner.org/mutagenesis#ring_size_6-149"
      ],
      "negative_examples": [
        "http://dl-learner.org/mutagenesis#ring_size_6-1250",
        "http://dl-learner.org/mutagenesis#bond4758",
        "http://dl-learner.org/mutagenesis#d162_17",
        "http://dl-learner.org/mutagenesis#bond4453",
        "http://dl-learner.org/mutagenesis#d90_33",
        "http://dl-learner.org/mutagenesis#nitro-445",
        "http://dl-learner.org/mutagenesis#bond578",
        "http://dl-learner.org/mutagenesis#bond1221",
        "http://dl-learner.org/mutagenesis#bond204",
        "http://dl-learner.org/mutagenesis#bond1464"
      ]
    },
    "RandomUnknown_5": {
      "positive_examples": [
        "http://dl-learner.org/mutagenesis#bond494",
        "http://dl-learner.org/mutagenesis#bond1466",
        "http://dl-learner.org/mutagenesis#bond2597",
        "http://dl-learner.org/mutagenesis#d8_5",
        "http://dl-learner.org/mutagenesis#bond1528",
        "http://dl-learner.org/mutagenesis#d36_12",
        "http://dl-learner.org/mutagenesis#d180_32",
        "http://dl-learner.org/mutagenesis#d69_19",
        "http://dl-learner.org/mutagenesis#bond1457",
        "http://dl-learner.org/mutagenesis#bond2044"
      ],
      "negative_examples": [
        "http://dl-learner.org/mutagenesis#bond63",
        "http://dl-learner.org/mutagenesis#bond1033",
        "http://dl-learner.org/mutagenesis#d189_11",
        "http://dl-learner.org/mutagenesis#bond3243",
        "http://dl-learner.org/mutagenesis#d175_15",
        "http://dl-learner.org/mutagenesis#bond6146",
        "http://dl-learner.org/mutagenesis#bond3381",
        "http://dl-learner.org/mutagenesis#d73_12",
        "http://dl-learner.org/mutagenesis#d33_5",
        "http://dl-learner.org/mutagenesis#d82_3"
      ]
    },
    "RandomUnknown_6": {
      "positive_examples": [
        "http://dl-learner.org/mutagenesis#d100_12",
        "http://dl-learner.org/mutagenesis#bond4461",
        "http://dl-learner.org/mutagenesis#bond2925",
        "http://dl-learner.org/mutagenesis#bond4132",
        "http://dl-learner.org/mutagenesis#bond4791",
        "http://dl-learner.org/mutagenesis#bond2098",
        "http://dl-learner.org/mutagenesis#e27_6",
        "http://dl-learner.org/mutagenesis#bond2432",
        "http://dl-learner.org/mutagenesis#bond1834",
        "http://dl-learner.org/mutagenesis#benzene-17"
      ],
      "negative_examples": [
        "http://dl-learner.org/mutagenesis#ring_size_6-33",
        "http://dl-learner.org/mutagenesis#bond5479",
        "http://dl-learner.org/mutagenesis#d196_1",
        "http://dl-learner.org/mutagenesis#bond1929",
        "http://dl-learner.org/mutagenesis#bond2297",
        "http://dl-learner.org/mutagenesis#bond2397",
        "http://dl-learner.org/mutagenesis#bond3381",
        "http://dl-learner.org/mutagenesis#d193_1",
        "http://dl-learner.org/mutagenesis#bond4892",
        "http://dl-learner.org/mutagenesis#d118_23"
      ]
    },
    "RandomUnknown_7": {
      "positive_examples": [
        "http://dl-learner.org/mutagenesis#bond3682",
        "http://dl-learner.org/mutagenesis#bond3944",
        "http://dl-learner.org/mutagenesis#bond1637",
        "http://dl-learner.org/mutagenesis#d55_11",
        "http://dl-learner.org/mutagenesis#d192_32",
        "http://dl-learner.org/mutagenesis#d56_2",
        "http://dl-learner.org/mutagenesis#e16_14",
        "http://dl-learner.org/mutagenesis#d120_7",
        "http://dl-learner.org/mutagenesis#nitro-1177",
        "http://dl-learner.org/mutagenesis#bond3100"
      ],
      "negative_examples": [
        "http://dl-learner.org/mutagenesis#d152_4",
        "http://dl-learner.org/mutagenesis#nitro-732",
        "http://dl-learner.org/mutagenesis#bond3792",
        "http://dl-learner.org/mutagenesis#d178_9",
        "http://dl-learner.org/mutagenesis#d192_13",
        "http://dl-learner.org/mutagenesis#bond18",
        "http://dl-learner.org/mutagenesis#bond5547",
        "http://dl-learner.org/mutagenesis#bond4076",
        "http://dl-learner.org/mutagenesis#e20_26",
        "http://dl-learner.org/mutagenesis#bond6034"
      ]
    },
    "RandomUnknown_8": {
      "positive_examples": [
        "http://dl-learner.org/mutagenesis#d27_3",
        "http://dl-learner.org/mutagenesis#bond2365",
        "http://dl-learner.org/mutagenesis#d86_28",
        "http://dl-learner.org/mutagenesis#bond813",
        "http://dl-learner.org/mutagenesis#d52_35",
        "http://dl-learner.org/mutagenesis#d8_22",
        "http://dl-learner.org/mutagenesis#d87_7",
        "http://dl-learner.org/mutagenesis#ring_size_6-1071",
        "http://dl-learner.org/mutagenesis#d54_9",
        "http://dl-learner.org/mutagenesis#bond3568"
      ],
      "negative_examples": [
        "http://dl-learner.org/mutagenesis#d189_15",
        "http://dl-learner.org/mutagenesis#ball3-1448",
        "http://dl-learner.org/mutagenesis#nitro-1501",
        "http://dl-learner.org/mutagenesis#d58_18",
        "http://dl-learner.org/mutagenesis#d43_2",
        "http://dl-learner.org/mutagenesis#d5_13",
        "http://dl-learner.org/mutagenesis#d159_11",
        "http://dl-learner.org/mutagenesis#benzene-1173",
        "http://dl-learner.org/mutagenesis#bond6074",
        "http://dl-learner.org/mutagenesis#d190_12"
      ]
    },
    "RandomUnknown_9": {
      "positive_examples": [
        "http://dl-learner.org/mutagenesis#bond6046",
        "http://dl-learner.org/mutagenesis#bond3948",
        "http://dl-learner.org/mutagenesis#bond4853",
        "http://dl-learner.org/mutagenesis#bond1145",
        "http://dl-learner.org/mutagenesis#d188_24",
        "http://dl-learner.org/mutagenesis#bond1433",
        "http://dl-learner.org/mutagenesis#d55_21",
        "http://dl-learner.org/mutagenesis#bond2619",
        "http://dl-learner.org/mutagenesis#d174_15",
        "http://dl-learner.org/mutagenesis#bond4706"
      ],
      "negative_examples": [
        "http://dl-learner.org/mutagenesis#bond5803",
        "http://dl-learner.org/mutagenesis#bond2663",
        "http://dl-learner.org/mutagenesis#d86_32",
        "http://dl-learner.org/mutagenesis#d145_1",
        "http://dl-learner.org/mutagenesis#d120_7",
        "http://dl-learner.org/mutagenesis#e9_1",
        "http://dl-learner.org/mutagenesis#d18_12",
        "http://dl-learner.org/mutagenesis#d117_20",
        "http://dl-learner.org/mutagenesis#bond4401",
        "http://dl-learner.org/mutagenesis#nitro-1028"
      ]
    },
    "RandomUnknown_10": {
      "positive_examples": [
        "http://dl-learner.org/mutagenesis#nitro-1609",
        "http://dl-learner.org/mutagenesis#bond5245",
        "http://dl-learner.org/mutagenesis#d107_8",
        "http://dl-learner.org/mutagenesis#d44_21",
        "http://dl-learner.org/mutagenesis#bond4591",
        "http://dl-learner.org/mutagenesis#d152_17",
        "http://dl-learner.org/mutagenesis#bond4469",
        "http://dl-learner.org/mutagenesis#bond4868",
        "http://dl-learner.org/mutagenesis#d69_17",
        "http://dl-learner.org/mutagenesis#bond1894"
      ],
      "negative_examples": [
        "http://dl-learner.org/mutagenesis#d11_2",
        "http://dl-learner.org/mutagenesis#d167_1",
        "http://dl-learner.org/mutagenesis#bond5032",
        "http://dl-learner.org/mutagenesis#ring_size_6-1293",
        "http://dl-learner.org/mutagenesis#d158_14",
        "http://dl-learner.org/mutagenesis#bond3083",
        "http://dl-learner.org/mutagenesis#d180_33",
        "http://dl-learner.org/mutagenesis#ring_size_6-798",
        "http://dl-learner.org/mutagenesis#benzene-976",
        "http://dl-learner.org/mutagenesis#bond3415"
      ]
    },
    "RandomUnknown_11": {
      "positive_examples": [
        "http://dl-learner.org/mutagenesis#d24_18",
        "http://dl-learner.org/mutagenesis#d96_14",
        "http://dl-learner.org/mutagenesis#bond1078",
        "http://dl-learner.org/mutagenesis#bond2578",
        "http://dl-learner.org/mutagenesis#d41_12",
        "http://dl-learner.org/mutagenesis#nitro-662",
        "http://dl-learner.org/mutagenesis#d74_19",
        "http://dl-learner.org/mutagenesis#ball3-115",
        "http://dl-learner.org/mutagenesis#bond1841",
        "http://dl-learner.org/mutagenesis#bond1698"
      ],
      "negative_examples": [
        "http://dl-learner.org/mutagenesis#d113_15",
        "http://dl-learner.org/mutagenesis#bond108",
        "http://dl-learner.org/mutagenesis#bond4756",
        "http://dl-learner.org/mutagenesis#bond2253",
        "http://dl-learner.org/mutagenesis#d113_14",
        "http://dl-learner.org/mutagenesis#d141_5",
        "http://dl-learner.org/mutagenesis#bond1440",
        "http://dl-learner.org/mutagenesis#d197_11",
        "http://dl-learner.org/mutagenesis#bond1987",
        "http://dl-learner.org/mutagenesis#d88_7"
      ]
    },
    "RandomUnknown_12": {
      "positive_examples": [
        "http://dl-learner.org/mutagenesis#bond3397",
        "http://dl-learner.org/mutagenesis#bond4140",
        "http://dl-learner.org/mutagenesis#d168_9",
        "http://dl-learner.org/mutagenesis#bond3351",
        "http://dl-learner.org/mutagenesis#e24_31",
        "http://dl-learner.org/mutagenesis#bond4881",
        "http://dl-learner.org/mutagenesis#d24_30",
        "http://dl-learner.org/mutagenesis#d175_23",
        "http://dl-learner.org/mutagenesis#d34",
        "http://dl-learner.org/mutagenesis#d107"
      ],
      "negative_examples": [
        "http://dl-learner.org/mutagenesis#d155_13",
        "http://dl-learner.org/mutagenesis#bond775",
        "http://dl-learner.org/mutagenesis#d187_10",
        "http://dl-learner.org/mutagenesis#bond2562",
        "http://dl-learner.org/mutagenesis#d57_22",
        "http://dl-learner.org/mutagenesis#bond598",
        "http://dl-learner.org/mutagenesis#d11_1",
        "http://dl-learner.org/mutagenesis#bond959",
        "http://dl-learner.org/mutagenesis#bond2799",
        "http://dl-learner.org/mutagenesis#nitro-786"
      ]
    },
    "RandomUnknown_13": {
      "positive_examples": [
        "http://dl-learner.org/mutagenesis#d89_11",
        "http://dl-learner.org/mutagenesis#d127_10",
        "http://dl-learner.org/mutagenesis#d110_14",
        "http://dl-learner.org/mutagenesis#d155_8",
        "http://dl-learner.org/mutagenesis#benzene-640",
        "http://dl-learner.org/mutagenesis#bond2682",
        "http://dl-learner.org/mutagenesis#ring_size_6-1304",
        "http://dl-learner.org/mutagenesis#bond2831",
        "http://dl-learner.org/mutagenesis#bond6031",
        "http://dl-learner.org/mutagenesis#bond3810"
      ],
      "negative_examples": [
        "http://dl-learner.org/mutagenesis#bond5697",
        "http://dl-learner.org/mutagenesis#bond1224",
        "http://dl-learner.org/mutagenesis#bond3155",
        "http://dl-learner.org/mutagenesis#d39_10",
        "http://dl-learner.org/mutagenesis#d75_11",
        "http://dl-learner.org/mutagenesis#bond443",
        "http://dl-learner.org/mutagenesis#ring_size_6-1025",
        "http://dl-learner.org/mutagenesis#bond3104",
        "http://dl-learner.org/mutagenesis#bond3334",
        "http://dl-learner.org/mutagenesis#d84_7"
      ]
    },
    "RandomUnknown_14": {
      "positive_examples": [
        "http://dl-learner.org/mutagenesis#d124_2",
        "http://dl-learner.org/mutagenesis#bond5746",
        "http://dl-learner.org/mutagenesis#bond3305",
        "http://dl-learner.org/mutagenesis#d8_23",
        "http://dl-learner.org/mutagenesis#f1_8",
        "http://dl-learner.org/mutagenesis#d41_14",
        "http://dl-learner.org/mutagenesis#bond4781",
        "http://dl-learner.org/mutagenesis#bond5030",
        "http://dl-learner.org/mutagenesis#e15_32",
        "http://dl-learner.org/mutagenesis#bond856"
      ],
      "negative_examples": [
        "http://dl-learner.org/mutagenesis#bond4136",
        "http://dl-learner.org/mutagenesis#bond4406",
        "http://dl-learner.org/mutagenesis#d27_29",
        "http://dl-learner.org/mutagenesis#bond3333",
        "http://dl-learner.org/mutagenesis#d117_27",
        "http://dl-learner.org/mutagenesis#d104_9",
        "http://dl-learner.org/mutagenesis#bond62",
        "http://dl-learner.org/mutagenesis#bond594",
        "http://dl-learner.org/mutagenesis#d119_14",
        "http://dl-learner.org/mutagenesis#d164_20"
      ]
    },
    "RandomUnknown_15": {
      "positive_examples": [
        "http://dl-learner.org/mutagenesis#d86_12",
        "http://dl-learner.org/mutagenesis#f3_8",
        "http://dl-learner.org/mutagenesis#bond3807",
        "http://dl-learner.org/mutagenesis#ring_size_6-941",
        "http://dl-learner.org/mutagenesis#d112_8",
        "http://dl-learner.org/mutagenesis#bond3153",
        "http://dl-learner.org/mutagenesis#ring_size_6-929",
        "http://dl-learner.org/mutagenesis#e10_13",
        "http://dl-learner.org/mutagenesis#d161_26",
        "http://dl-learner.org/mutagenesis#bond6031"
      ],
      "negative_examples": [
        "http://dl-learner.org/mutagenesis#bond1108",
        "http://dl-learner.org/mutagenesis#d190_5",
        "http://dl-learner.org/mutagenesis#d91_34",
        "http://dl-learner.org/mutagenesis#d9_1",
        "http://dl-learner.org/mutagenesis#d44_9",
        "http://dl-learner.org/mutagenesis#d196_8",
        "http://dl-learner.org/mutagenesis#e3_1",
        "http://dl-learner.org/mutagenesis#d160_14",
        "http://dl-learner.org/mutagenesis#bond5184",
        "http://dl-learner.org/mutagenesis#bond743"
      ]
    },
    "RandomUnknown_16": {
      "positive_examples": [
        "http://dl-learner.org/mutagenesis#d162_10",
        "http://dl-learner.org/mutagenesis#bond1579",
        "http://dl-learner.org/mutagenesis#d191_12",
        "http://dl-learner.org/mutagenesis#bond6237",
        "http://dl-learner.org/mutagenesis#d46_25",
        "http://dl-learner.org/mutagenesis#d62",
        "http://dl-learner.org/mutagenesis#d125_9",
        "http://dl-learner.org/mutagenesis#phenanthrene-114",
        "http://dl-learner.org/mutagenesis#d82_13",
        "http://dl-learner.org/mutagenesis#d70_10"
      ],
      "negative_examples": [
        "http://dl-learner.org/mutagenesis#bond2533",
        "http://dl-learner.org/mutagenesis#benzene-1167",
        "http://dl-learner.org/mutagenesis#bond4380",
        "http://dl-learner.org/mutagenesis#d107_31",
        "http://dl-learner.org/mutagenesis#bond3434",
        "http://dl-learner.org/mutagenesis#d163_16",
        "http://dl-learner.org/mutagenesis#bond2380",
        "http://dl-learner.org/mutagenesis#benzene-589",
        "http://dl-learner.org/mutagenesis#d52_31",
        "http://dl-learner.org/mutagenesis#e10_5"
      ]
    },
    "RandomUnknown_17": {
      "positive_examples": [
        "http://dl-learner.org/mutagenesis#bond4623",
        "http://dl-learner.org/mutagenesis#bond637",
        "http://dl-learner.org/mutagenesis#d39_1",
        "http://dl-learner.org/mutagenesis#d106_1",
        "http://dl-learner.org/mutagenesis#bond5007",
        "http://dl-learner.org/mutagenesis#bond412",
        "http://dl-learner.org/mutagenesis#benzene-217",
        "http://dl-learner.org/mutagenesis#benzene-45",
        "http://dl-learner.org/mutagenesis#bond1047",
        "http://dl-learner.org/mutagenesis#bond5028"
      ],
      "negative_examples": [
        "http://dl-learner.org/mutagenesis#d184_4",
        "http://dl-learner.org/mutagenesis#d38_2",
        "http://dl-learner.org/mutagenesis#ring_size_6-1183",
        "http://dl-learner.org/mutagenesis#d56_2",
        "http://dl-learner.org/mutagenesis#d90_10",
        "http://dl-learner.org/mutagenesis#bond432",
        "http://dl-learner.org/mutagenesis#bond1680",
        "http://dl-learner.org/mutagenesis#d49",
        "http://dl-learner.org/mutagenesis#d137_6",
        "http://dl-learner.org/mutagenesis#bond6045"
      ]
    },
    "RandomUnknown_18": {
      "positive_examples": [
        "http://dl-learner.org/mutagenesis#ring_size_6-1329",
        "http://dl-learner.org/mutagenesis#d143_9",
        "http://dl-learner.org/mutagenesis#bond2195",
        "http://dl-learner.org/mutagenesis#bond3489",
        "http://dl-learner.org/mutagenesis#d174_3",
        "http://dl-learner.org/mutagenesis#bond4469",
        "http://dl-learner.org/mutagenesis#d181_15",
        "http://dl-learner.org/mutagenesis#bond362",
        "http://dl-learner.org/mutagenesis#e1_19",
        "http://dl-learner.org/mutagenesis#bond2629"
      ],
      "negative_examples": [
        "http://dl-learner.org/mutagenesis#d24_18",
        "http://dl-learner.org/mutagenesis#bond314",
        "http://dl-learner.org/mutagenesis#d95_3",
        "http://dl-learner.org/mutagenesis#d104_6",
        "http://dl-learner.org/mutagenesis#bond2634",
        "http://dl-learner.org/mutagenesis#bond4180",
        "http://dl-learner.org/mutagenesis#d140_21",
        "http://dl-learner.org/mutagenesis#d60_4",
        "http://dl-learner.org/mutagenesis#nitro-1124",
        "http://dl-learner.org/mutagenesis#d179_31"
      ]
    },
    "RandomUnknown_19": {
      "positive_examples": [
        "http://dl-learner.org/mutagenesis#d146_24",
        "http://dl-learner.org/mutagenesis#bond4456",
        "http://dl-learner.org/mutagenesis#bond2524",
        "http://dl-learner.org/mutagenesis#bond177",
        "http://dl-learner.org/mutagenesis#e18_5",
        "http://dl-learner.org/mutagenesis#benzene-1661",
        "http://dl-learner.org/mutagenesis#methyl-1684",
        "http://dl-learner.org/mutagenesis#bond5259",
        "http://dl-learner.org/mutagenesis#bond5483",
        "http://dl-learner.org/mutagenesis#d87_13"
      ],
      "negative_examples": [
        "http://dl-learner.org/mutagenesis#d46_26",
        "http://dl-learner.org/mutagenesis#d172_2",
        "http://dl-learner.org/mutagenesis#d181_4",
        "http://dl-learner.org/mutagenesis#d64_4",
        "http://dl-learner.org/mutagenesis#bond2801",
        "http://dl-learner.org/mutagenesis#d14_12",
        "http://dl-learner.org/mutagenesis#d66_21",
        "http://dl-learner.org/mutagenesis#bond352",
        "http://dl-learner.org/mutagenesis#bond5212",
        "http://dl-learner.org/mutagenesis#bond3669"
      ]
    },
    "RandomUnknown_20": {
      "positive_examples": [
        "http://dl-learner.org/mutagenesis#bond3894",
        "http://dl-learner.org/mutagenesis#d130_4",
        "http://dl-learner.org/mutagenesis#bond176",
        "http://dl-learner.org/mutagenesis#f6_9",
        "http://dl-learner.org/mutagenesis#d14_13",
        "http://dl-learner.org/mutagenesis#ring_size_5-1236",
        "http://dl-learner.org/mutagenesis#bond3833",
        "http://dl-learner.org/mutagenesis#bond2884",
        "http://dl-learner.org/mutagenesis#bond1545",
        "http://dl-learner.org/mutagenesis#d107_26"
      ],
      "negative_examples": [
        "http://dl-learner.org/mutagenesis#d134_12",
        "http://dl-learner.org/mutagenesis#e22_15",
        "http://dl-learner.org/mutagenesis#bond4939",
        "http://dl-learner.org/mutagenesis#d66_14",
        "http://dl-learner.org/mutagenesis#bond3830",
        "http://dl-learner.org/mutagenesis#nitro-815",
        "http://dl-learner.org/mutagenesis#d188_19",
        "http://dl-learner.org/mutagenesis#bond139",
        "http://dl-learner.org/mutagenesis#bond4880",
        "http://dl-learner.org/mutagenesis#d146_23"
      ]
    },
    "RandomUnknown_21": {
      "positive_examples": [
        "http://dl-learner.org/mutagenesis#bond3364",
        "http://dl-learner.org/mutagenesis#d161_21",
        "http://dl-learner.org/mutagenesis#bond199",
        "http://dl-learner.org/mutagenesis#d41_17",
        "http://dl-learner.org/mutagenesis#e23_1",
        "http://dl-learner.org/mutagenesis#bond3340",
        "http://dl-learner.org/mutagenesis#bond6299",
        "http://dl-learner.org/mutagenesis#d177",
        "http://dl-learner.org/mutagenesis#d7_6",
        "http://dl-learner.org/mutagenesis#d29_21"
      ],
      "negative_examples": [
        "http://dl-learner.org/mutagenesis#d31_11",
        "http://dl-learner.org/mutagenesis#ring_size_6-1329",
        "http://dl-learner.org/mutagenesis#bond651",
        "http://dl-learner.org/mutagenesis#bond5675",
        "http://dl-learner.org/mutagenesis#bond5118",
        "http://dl-learner.org/mutagenesis#d166_3",
        "http://dl-learner.org/mutagenesis#d105_9",
        "http://dl-learner.org/mutagenesis#d139_5",
        "http://dl-learner.org/mutagenesis#d8_19",
        "http://dl-learner.org/mutagenesis#bond4018"
      ]
    },
    "RandomUnknown_22": {
      "positive_examples": [
        "http://dl-learner.org/mutagenesis#d94_14",
        "http://dl-learner.org/mutagenesis#bond3313",
        "http://dl-learner.org/mutagenesis#d36_19",
        "http://dl-learner.org/mutagenesis#d169_5",
        "http://dl-learner.org/mutagenesis#ring_size_6-203",
        "http://dl-learner.org/mutagenesis#bond4530",
        "http://dl-learner.org/mutagenesis#d107_29",
        "http://dl-learner.org/mutagenesis#bond425",
        "http://dl-learner.org/mutagenesis#nitro-1493",
        "http://dl-learner.org/mutagenesis#bond368"
      ],
      "negative_examples": [
        "http://dl-learner.org/mutagenesis#bond1911",
        "http://dl-learner.org/mutagenesis#d174_22",
        "http://dl-learner.org/mutagenesis#bond988",
        "http://dl-learner.org/mutagenesis#bond4392",
        "http://dl-learner.org/mutagenesis#bond6277",
        "http://dl-learner.org/mutagenesis#bond2389",
        "http://dl-learner.org/mutagenesis#d74_23",
        "http://dl-learner.org/mutagenesis#d21_25",
        "http://dl-learner.org/mutagenesis#bond2294",
        "http://dl-learner.org/mutagenesis#d78_11"
      ]
    },
    "RandomUnknown_23": {
      "positive_examples": [
        "http://dl-learner.org/mutagenesis#bond3032",
        "http://dl-learner.org/mutagenesis#e21_7",
        "http://dl-learner.org/mutagenesis#d162_22",
        "http://dl-learner.org/mutagenesis#d46_5",
        "http://dl-learner.org/mutagenesis#bond2441",
        "http://dl-learner.org/mutagenesis#e20_22",
        "http://dl-learner.org/mutagenesis#bond4771",
        "http://dl-learner.org/mutagenesis#d90_2",
        "http://dl-learner.org/mutagenesis#bond848",
        "http://dl-learner.org/mutagenesis#bond4369"
      ],
      "negative_examples": [
        "http://dl-learner.org/mutagenesis#bond2717",
        "http://dl-learner.org/mutagenesis#d166_8",
        "http://dl-learner.org/mutagenesis#bond4082",
        "http://dl-learner.org/mutagenesis#bond1584",
        "http://dl-learner.org/mutagenesis#bond789",
        "http://dl-learner.org/mutagenesis#d101_22",
        "http://dl-learner.org/mutagenesis#d91_17",
        "http://dl-learner.org/mutagenesis#bond4173",
        "http://dl-learner.org/mutagenesis#d168_11",
        "http://dl-learner.org/mutagenesis#d170_7"
      ]
    },
    "RandomUnknown_24": {
      "positive_examples": [
        "http://dl-learner.org/mutagenesis#d43_13",
        "http://dl-learner.org/mutagenesis#nitro-90",
        "http://dl-learner.org/mutagenesis#bond3038",
        "http://dl-learner.org/mutagenesis#ring_size_6-525",
        "http://dl-learner.org/mutagenesis#d23_27",
        "http://dl-learner.org/mutagenesis#d157_26",
        "http://dl-learner.org/mutagenesis#e24_18",
        "http://dl-learner.org/mutagenesis#bond5405",
        "http://dl-learner.org/mutagenesis#bond1944",
        "http://dl-learner.org/mutagenesis#bond6208"
      ],
      "negative_examples": [
        "http://dl-learner.org/mutagenesis#d99_21",
        "http://dl-learner.org/mutagenesis#d37_10",
        "http://dl-learner.org/mutagenesis#e6_13",
        "http://dl-learner.org/mutagenesis#nitro-1214",
        "http://dl-learner.org/mutagenesis#bond1046",
        "http://dl-learner.org/mutagenesis#d157_27",
        "http://dl-learner.org/mutagenesis#d8",
        "http://dl-learner.org/mutagenesis#d84_17",
        "http://dl-learner.org/mutagenesis#bond1358",
        "http://dl-learner.org/mutagenesis#bond2464"
      ]
    },
    "RandomUnknown_25": {
      "positive_examples": [
        "http://dl-learner.org/mutagenesis#d180_14",
        "http://dl-learner.org/mutagenesis#bond4064",
        "http://dl-learner.org/mutagenesis#e17_8",
        "http://dl-learner.org/mutagenesis#e17_13",
        "http://dl-learner.org/mutagenesis#bond2132",
        "http://dl-learner.org/mutagenesis#ring_size_6-1136",
        "http://dl-learner.org/mutagenesis#bond4957",
        "http://dl-learner.org/mutagenesis#bond3825",
        "http://dl-learner.org/mutagenesis#d148_2",
        "http://dl-learner.org/mutagenesis#d134_17"
      ],
      "negative_examples": [
        "http://dl-learner.org/mutagenesis#bond4305",
        "http://dl-learner.org/mutagenesis#d6_16",
        "http://dl-learner.org/mutagenesis#bond5014",
        "http://dl-learner.org/mutagenesis#d45_12",
        "http://dl-learner.org/mutagenesis#e13_8",
        "http://dl-learner.org/mutagenesis#ring_size_6-1071",
        "http://dl-learner.org/mutagenesis#bond158",
        "http://dl-learner.org/mutagenesis#bond3860",
        "http://dl-learner.org/mutagenesis#bond6060",
        "http://dl-learner.org/mutagenesis#d24_3"
      ]
    },
    "RandomUnknown_26": {
      "positive_examples": [
        "http://dl-learner.org/mutagenesis#nitro-393",
        "http://dl-learner.org/mutagenesis#d138",
        "http://dl-learner.org/mutagenesis#ring_size_6-502",
        "http://dl-learner.org/mutagenesis#bond973",
        "http://dl-learner.org/mutagenesis#ball3-115",
        "http://dl-learner.org/mutagenesis#d54_7",
        "http://dl-learner.org/mutagenesis#ball3-30",
        "http://dl-learner.org/mutagenesis#phenanthrene-1098",
        "http://dl-learner.org/mutagenesis#e24_18",
        "http://dl-learner.org/mutagenesis#d113_11"
      ],
      "negative_examples": [
        "http://dl-learner.org/mutagenesis#ring_size_6-1218",
        "http://dl-learner.org/mutagenesis#d140_5",
        "http://dl-learner.org/mutagenesis#bond2108",
        "http://dl-learner.org/mutagenesis#d16_19",
        "http://dl-learner.org/mutagenesis#d88_1",
        "http://dl-learner.org/mutagenesis#bond2153",
        "http://dl-learner.org/mutagenesis#anthracene-200",
        "http://dl-learner.org/mutagenesis#d96_17",
        "http://dl-learner.org/mutagenesis#d166_20",
        "http://dl-learner.org/mutagenesis#bond4702"
      ]
    },
    "RandomUnknown_27": {
      "positive_examples": [
        "http://dl-learner.org/mutagenesis#d193_28",
        "http://dl-learner.org/mutagenesis#e25_13",
        "http://dl-learner.org/mutagenesis#e24_31",
        "http://dl-learner.org/mutagenesis#d65",
        "http://dl-learner.org/mutagenesis#d98_6",
        "http://dl-learner.org/mutagenesis#benzene-846",
        "http://dl-learner.org/mutagenesis#phenanthrene-958",
        "http://dl-learner.org/mutagenesis#e19_1",
        "http://dl-learner.org/mutagenesis#d41_22",
        "http://dl-learner.org/mutagenesis#e22_35"
      ],
      "negative_examples": [
        "http://dl-learner.org/mutagenesis#d126_3",
        "http://dl-learner.org/mutagenesis#e1_1",
        "http://dl-learner.org/mutagenesis#d110_28",
        "http://dl-learner.org/mutagenesis#d13_17",
        "http://dl-learner.org/mutagenesis#d7_18",
        "http://dl-learner.org/mutagenesis#d58_30",
        "http://dl-learner.org/mutagenesis#d191_25",
        "http://dl-learner.org/mutagenesis#bond4181",
        "http://dl-learner.org/mutagenesis#d17_18",
        "http://dl-learner.org/mutagenesis#d196_24"
      ]
    },
    "RandomUnknown_28": {
      "positive_examples": [
        "http://dl-learner.org/mutagenesis#bond5639",
        "http://dl-learner.org/mutagenesis#d113_5",
        "http://dl-learner.org/mutagenesis#phenanthrene-1006",
        "http://dl-learner.org/mutagenesis#e24_28",
        "http://dl-learner.org/mutagenesis#d74_6",
        "http://dl-learner.org/mutagenesis#d95_22",
        "http://dl-learner.org/mutagenesis#e9",
        "http://dl-learner.org/mutagenesis#d172_1",
        "http://dl-learner.org/mutagenesis#d131_28",
        "http://dl-learner.org/mutagenesis#d164_20"
      ],
      "negative_examples": [
        "http://dl-learner.org/mutagenesis#bond1993",
        "http://dl-learner.org/mutagenesis#bond543",
        "http://dl-learner.org/mutagenesis#bond1674",
        "http://dl-learner.org/mutagenesis#bond3403",
        "http://dl-learner.org/mutagenesis#d75_11",
        "http://dl-learner.org/mutagenesis#bond5466",
        "http://dl-learner.org/mutagenesis#hetero_aromatic_6_ring-499",
        "http://dl-learner.org/mutagenesis#d116",
        "http://dl-learner.org/mutagenesis#d44_4",
        "http://dl-learner.org/mutagenesis#bond2229"
      ]
    },
    "RandomUnknown_29": {
      "positive_examples": [
        "http://dl-learner.org/mutagenesis#bond3607",
        "http://dl-learner.org/mutagenesis#d67_8",
        "http://dl-learner.org/mutagenesis#bond343",
        "http://dl-learner.org/mutagenesis#bond6057",
        "http://dl-learner.org/mutagenesis#d53_18",
        "http://dl-learner.org/mutagenesis#benzene-1326",
        "http://dl-learner.org/mutagenesis#d42_1",
        "http://dl-learner.org/mutagenesis#bond2160",
        "http://dl-learner.org/mutagenesis#bond6183",
        "http://dl-learner.org/mutagenesis#d57_11"
      ],
      "negative_examples": [
        "http://dl-learner.org/mutagenesis#bond1555",
        "http://dl-learner.org/mutagenesis#bond1754",
        "http://dl-learner.org/mutagenesis#bond3932",
        "http://dl-learner.org/mutagenesis#e22_20",
        "http://dl-learner.org/mutagenesis#bond4428",
        "http://dl-learner.org/mutagenesis#d38_2",
        "http://dl-learner.org/mutagenesis#bond3881",
        "http://dl-learner.org/mutagenesis#ring_size_6-187",
        "http://dl-learner.org/mutagenesis#bond3900",
        "http://dl-learner.org/mutagenesis#bond4621"
      ]
    },
    "RandomUnknown_30": {
      "positive_examples": [
        "http://dl-learner.org/mutagenesis#d46_38",
        "http://dl-learner.org/mutagenesis#d153_9",
        "http://dl-learner.org/mutagenesis#bond1721",
        "http://dl-learner.org/mutagenesis#d178_9",
        "http://dl-learner.org/mutagenesis#bond324",
        "http://dl-learner.org/mutagenesis#bond4818",
        "http://dl-learner.org/mutagenesis#bond3971",
        "http://dl-learner.org/mutagenesis#d138_8",
        "http://dl-learner.org/mutagenesis#bond4689",
        "http://dl-learner.org/mutagenesis#bond981"
      ],
      "negative_examples": [
        "http://dl-learner.org/mutagenesis#d147_16",
        "http://dl-learner.org/mutagenesis#bond2542",
        "http://dl-learner.org/mutagenesis#bond4604",
        "http://dl-learner.org/mutagenesis#d140_7",
        "http://dl-learner.org/mutagenesis#bond6247",
        "http://dl-learner.org/mutagenesis#d96_26",
        "http://dl-learner.org/mutagenesis#d59_24",
        "http://dl-learner.org/mutagenesis#bond2729",
        "http://dl-learner.org/mutagenesis#bond1987",
        "http://dl-learner.org/mutagenesis#d25_22"
      ]
    },
    "RandomUnknown_31": {
      "positive_examples": [
        "http://dl-learner.org/mutagenesis#bond2738",
        "http://dl-learner.org/mutagenesis#bond198",
        "http://dl-learner.org/mutagenesis#d63",
        "http://dl-learner.org/mutagenesis#e11_6",
        "http://dl-learner.org/mutagenesis#ring_size_6-1225",
        "http://dl-learner.org/mutagenesis#d41",
        "http://dl-learner.org/mutagenesis#bond6047",
        "http://dl-learner.org/mutagenesis#bond5268",
        "http://dl-learner.org/mutagenesis#ring_size_6-1392",
        "http://dl-learner.org/mutagenesis#bond2180"
      ],
      "negative_examples": [
        "http://dl-learner.org/mutagenesis#bond2271",
        "http://dl-learner.org/mutagenesis#d167_1",
        "http://dl-learner.org/mutagenesis#ring_size_6-1386",
        "http://dl-learner.org/mutagenesis#bond2437",
        "http://dl-learner.org/mutagenesis#bond1920",
        "http://dl-learner.org/mutagenesis#bond4685",
        "http://dl-learner.org/mutagenesis#bond5782",
        "http://dl-learner.org/mutagenesis#bond5040",
        "http://dl-learner.org/mutagenesis#d188_23",
        "http://dl-learner.org/mutagenesis#e11_9"
      ]
    },
    "RandomUnknown_32": {
      "positive_examples": [
        "http://dl-learner.org/mutagenesis#d129",
        "http://dl-learner.org/mutagenesis#bond477",
        "http://dl-learner.org/mutagenesis#bond6059",
        "http://dl-learner.org/mutagenesis#e1_32",
        "http://dl-learner.org/mutagenesis#bond3303",
        "http://dl-learner.org/mutagenesis#bond3140",
        "http://dl-learner.org/mutagenesis#bond3188",
        "http://dl-learner.org/mutagenesis#d10_18",
        "http://dl-learner.org/mutagenesis#d85_11",
        "http://dl-learner.org/mutagenesis#d175_5"
      ],
      "negative_examples": [
        "http://dl-learner.org/mutagenesis#bond6043",
        "http://dl-learner.org/mutagenesis#bond6112",
        "http://dl-learner.org/mutagenesis#bond3685",
        "http://dl-learner.org/mutagenesis#d101_29",
        "http://dl-learner.org/mutagenesis#bond2871",
        "http://dl-learner.org/mutagenesis#bond5986",
        "http://dl-learner.org/mutagenesis#benzene-1043",
        "http://dl-learner.org/mutagenesis#bond2117",
        "http://dl-learner.org/mutagenesis#bond1358",
        "http://dl-learner.org/mutagenesis#bond1833"
      ]
    },
    "RandomUnknown_33": {
      "positive_examples": [
        "http://dl-learner.org/mutagenesis#bond5916",
        "http://dl-learner.org/mutagenesis#ring_size_6-1545",
        "http://dl-learner.org/mutagenesis#d101_22",
        "http://dl-learner.org/mutagenesis#benzene-1114",
        "http://dl-learner.org/mutagenesis#d33_13",
        "http://dl-learner.org/mutagenesis#bond4354",
        "http://dl-learner.org/mutagenesis#d129_19",
        "http://dl-learner.org/mutagenesis#bond1265",
        "http://dl-learner.org/mutagenesis#bond5103",
        "http://dl-learner.org/mutagenesis#d53_19"
      ],
      "negative_examples": [
        "http://dl-learner.org/mutagenesis#methyl-1689",
        "http://dl-learner.org/mutagenesis#ring_size_6-604",
        "http://dl-learner.org/mutagenesis#d127_1",
        "http://dl-learner.org/mutagenesis#bond4461",
        "http://dl-learner.org/mutagenesis#d145_15",
        "http://dl-learner.org/mutagenesis#d48_20",
        "http://dl-learner.org/mutagenesis#bond3457",
        "http://dl-learner.org/mutagenesis#bond3924",
        "http://dl-learner.org/mutagenesis#bond5468",
        "http://dl-learner.org/mutagenesis#d153_17"
      ]
    },
    "RandomUnknown_34": {
      "positive_examples": [
        "http://dl-learner.org/mutagenesis#benzene-1010",
        "http://dl-learner.org/mutagenesis#d90_32",
        "http://dl-learner.org/mutagenesis#d94_4",
        "http://dl-learner.org/mutagenesis#nitro-1500",
        "http://dl-learner.org/mutagenesis#d173_2",
        "http://dl-learner.org/mutagenesis#d101_1",
        "http://dl-learner.org/mutagenesis#ball3-1629",
        "http://dl-learner.org/mutagenesis#benzene-1650",
        "http://dl-learner.org/mutagenesis#bond2503",
        "http://dl-learner.org/mutagenesis#d52_13"
      ],
      "negative_examples": [
        "http://dl-learner.org/mutagenesis#bond350",
        "http://dl-learner.org/mutagenesis#d76_1",
        "http://dl-learner.org/mutagenesis#bond5029",
        "http://dl-learner.org/mutagenesis#bond3298",
        "http://dl-learner.org/mutagenesis#d120_15",
        "http://dl-learner.org/mutagenesis#bond6216",
        "http://dl-learner.org/mutagenesis#d36_7",
        "http://dl-learner.org/mutagenesis#d104_37",
        "http://dl-learner.org/mutagenesis#bond2358",
        "http://dl-learner.org/mutagenesis#d52_23"
      ]
    },
    "RandomUnknown_35": {
      "positive_examples": [
        "http://dl-learner.org/mutagenesis#d72_18",
        "http://dl-learner.org/mutagenesis#bond4050",
        "http://dl-learner.org/mutagenesis#d47_7",
        "http://dl-learner.org/mutagenesis#bond813",
        "http://dl-learner.org/mutagenesis#d7_18",
        "http://dl-learner.org/mutagenesis#bond5768",
        "http://dl-learner.org/mutagenesis#bond6255",
        "http://dl-learner.org/mutagenesis#bond2178",
        "http://dl-learner.org/mutagenesis#benzene-1610",
        "http://dl-learner.org/mutagenesis#d50_21"
      ],
      "negative_examples": [
        "http://dl-learner.org/mutagenesis#bond5322",
        "http://dl-learner.org/mutagenesis#d59_27",
        "http://dl-learner.org/mutagenesis#bond282",
        "http://dl-learner.org/mutagenesis#d149_24",
        "http://dl-learner.org/mutagenesis#bond1011",
        "http://dl-learner.org/mutagenesis#d1_22",
        "http://dl-learner.org/mutagenesis#bond2475",
        "http://dl-learner.org/mutagenesis#benzene-863",
        "http://dl-learner.org/mutagenesis#bond5150",
        "http://dl-learner.org/mutagenesis#d50_17"
      ]
    },
    "RandomUnknown_36": {
      "positive_examples": [
        "http://dl-learner.org/mutagenesis#d148_9",
        "http://dl-learner.org/mutagenesis#ring_size_6-1516",
        "http://dl-learner.org/mutagenesis#d91_17",
        "http://dl-learner.org/mutagenesis#bond3390",
        "http://dl-learner.org/mutagenesis#d34_6",
        "http://dl-learner.org/mutagenesis#bond5024",
        "http://dl-learner.org/mutagenesis#d29",
        "http://dl-learner.org/mutagenesis#bond3021",
        "http://dl-learner.org/mutagenesis#d119_3",
        "http://dl-learner.org/mutagenesis#bond4767"
      ],
      "negative_examples": [
        "http://dl-learner.org/mutagenesis#d30_33",
        "http://dl-learner.org/mutagenesis#e23_24",
        "http://dl-learner.org/mutagenesis#bond1453",
        "http://dl-learner.org/mutagenesis#bond4665",
        "http://dl-learner.org/mutagenesis#d6_1",
        "http://dl-learner.org/mutagenesis#bond93",
        "http://dl-learner.org/mutagenesis#bond5856",
        "http://dl-learner.org/mutagenesis#bond1706",
        "http://dl-learner.org/mutagenesis#bond2830",
        "http://dl-learner.org/mutagenesis#d38_11"
      ]
    },
    "RandomUnknown_37": {
      "positive_examples": [
        "http://dl-learner.org/mutagenesis#d101_26",
        "http://dl-learner.org/mutagenesis#d44_2",
        "http://dl-learner.org/mutagenesis#bond52",
        "http://dl-learner.org/mutagenesis#d176",
        "http://dl-learner.org/mutagenesis#bond3771",
        "http://dl-learner.org/mutagenesis#d197_9",
        "http://dl-learner.org/mutagenesis#d43_2",
        "http://dl-learner.org/mutagenesis#d34_17",
        "http://dl-learner.org/mutagenesis#bond1635",
        "http://dl-learner.org/mutagenesis#d178_4"
      ],
      "negative_examples": [
        "http://dl-learner.org/mutagenesis#nitro-294",
        "http://dl-learner.org/mutagenesis#bond2558",
        "http://dl-learner.org/mutagenesis#f6_11",
        "http://dl-learner.org/mutagenesis#bond1098",
        "http://dl-learner.org/mutagenesis#e21_26",
        "http://dl-learner.org/mutagenesis#bond2710",
        "http://dl-learner.org/mutagenesis#d62",
        "http://dl-learner.org/mutagenesis#bond5815",
        "http://dl-learner.org/mutagenesis#bond833",
        "http://dl-learner.org/mutagenesis#bond2760"
      ]
    },
    "RandomUnknown_38": {
      "positive_examples": [
        "http://dl-learner.org/mutagenesis#ring_size_6-563",
        "http://dl-learner.org/mutagenesis#d101_31",
        "http://dl-learner.org/mutagenesis#bond1829",
        "http://dl-learner.org/mutagenesis#d107_2",
        "http://dl-learner.org/mutagenesis#ring_size_5-867",
        "http://dl-learner.org/mutagenesis#bond5470",
        "http://dl-learner.org/mutagenesis#bond2813",
        "http://dl-learner.org/mutagenesis#bond5926",
        "http://dl-learner.org/mutagenesis#d180_9",
        "http://dl-learner.org/mutagenesis#d9_2"
      ],
      "negative_examples": [
        "http://dl-learner.org/mutagenesis#bond1023",
        "http://dl-learner.org/mutagenesis#benzene-844",
        "http://dl-learner.org/mutagenesis#d180_33",
        "http://dl-learner.org/mutagenesis#benzene-1033",
        "http://dl-learner.org/mutagenesis#d130",
        "http://dl-learner.org/mutagenesis#bond5719",
        "http://dl-learner.org/mutagenesis#e8_17",
        "http://dl-learner.org/mutagenesis#d161_26",
        "http://dl-learner.org/mutagenesis#bond5446",
        "http://dl-learner.org/mutagenesis#d33"
      ]
    },
    "RandomUnknown_39": {
      "positive_examples": [
        "http://dl-learner.org/mutagenesis#e9_11",
        "http://dl-learner.org/mutagenesis#d65_8",
        "http://dl-learner.org/mutagenesis#d53_5",
        "http://dl-learner.org/mutagenesis#bond4351",
        "http://dl-learner.org/mutagenesis#d92_28",
        "http://dl-learner.org/mutagenesis#bond275",
        "http://dl-learner.org/mutagenesis#bond2642",
        "http://dl-learner.org/mutagenesis#bond3190",
        "http://dl-learner.org/mutagenesis#d102_22",
        "http://dl-learner.org/mutagenesis#bond4336"
      ],
      "negative_examples": [
        "http://dl-learner.org/mutagenesis#bond4392",
        "http://dl-learner.org/mutagenesis#ring_size_6-20",
        "http://dl-learner.org/mutagenesis#e21_27",
        "http://dl-learner.org/mutagenesis#bond14",
        "http://dl-learner.org/mutagenesis#d31_25",
        "http://dl-learner.org/mutagenesis#d74_18",
        "http://dl-learner.org/mutagenesis#d62_17",
        "http://dl-learner.org/mutagenesis#d61_1",
        "http://dl-learner.org/mutagenesis#ring_size_6-806",
        "http://dl-learner.org/mutagenesis#d179_20"
      ]
    },
    "RandomUnknown_40": {
      "positive_examples": [
        "http://dl-learner.org/mutagenesis#d77_8",
        "http://dl-learner.org/mutagenesis#bond2493",
        "http://dl-learner.org/mutagenesis#d137_18",
        "http://dl-learner.org/mutagenesis#bond177",
        "http://dl-learner.org/mutagenesis#d61_2",
        "http://dl-learner.org/mutagenesis#d134_21",
        "http://dl-learner.org/mutagenesis#bond798",
        "http://dl-learner.org/mutagenesis#d139_15",
        "http://dl-learner.org/mutagenesis#d123_22",
        "http://dl-learner.org/mutagenesis#bond4166"
      ],
      "negative_examples": [
        "http://dl-learner.org/mutagenesis#d173_13",
        "http://dl-learner.org/mutagenesis#bond3696",
        "http://dl-learner.org/mutagenesis#bond2643",
        "http://dl-learner.org/mutagenesis#bond3407",
        "http://dl-learner.org/mutagenesis#bond415",
        "http://dl-learner.org/mutagenesis#f1_4",
        "http://dl-learner.org/mutagenesis#d25_19",
        "http://dl-learner.org/mutagenesis#d148_2",
        "http://dl-learner.org/mutagenesis#d165_3",
        "http://dl-learner.org/mutagenesis#bond6154"
      ]
    },
    "RandomUnknown_41": {
      "positive_examples": [
        "http://dl-learner.org/mutagenesis#bond4571",
        "http://dl-learner.org/mutagenesis#bond1133",
        "http://dl-learner.org/mutagenesis#bond1199",
        "http://dl-learner.org/mutagenesis#bond6164",
        "http://dl-learner.org/mutagenesis#bond5020",
        "http://dl-learner.org/mutagenesis#ring_size_6-902",
        "http://dl-learner.org/mutagenesis#e23_32",
        "http://dl-learner.org/mutagenesis#bond5926",
        "http://dl-learner.org/mutagenesis#bond5782",
        "http://dl-learner.org/mutagenesis#bond5067"
      ],
      "negative_examples": [
        "http://dl-learner.org/mutagenesis#bond1601",
        "http://dl-learner.org/mutagenesis#e23_20",
        "http://dl-learner.org/mutagenesis#d97_3",
        "http://dl-learner.org/mutagenesis#d44_8",
        "http://dl-learner.org/mutagenesis#benzene-269",
        "http://dl-learner.org/mutagenesis#ring_size_6-185",
        "http://dl-learner.org/mutagenesis#bond3622",
        "http://dl-learner.org/mutagenesis#ring_size_6-749",
        "http://dl-learner.org/mutagenesis#d6_23",
        "http://dl-learner.org/mutagenesis#d7_7"
      ]
    },
    "RandomUnknown_42": {
      "positive_examples": [
        "http://dl-learner.org/mutagenesis#phenanthrene-1077",
        "http://dl-learner.org/mutagenesis#bond2260",
        "http://dl-learner.org/mutagenesis#d84_8",
        "http://dl-learner.org/mutagenesis#d74_19",
        "http://dl-learner.org/mutagenesis#benzene-46",
        "http://dl-learner.org/mutagenesis#bond3597",
        "http://dl-learner.org/mutagenesis#d73",
        "http://dl-learner.org/mutagenesis#ring_size_6-758",
        "http://dl-learner.org/mutagenesis#d146_8",
        "http://dl-learner.org/mutagenesis#bond4474"
      ],
      "negative_examples": [
        "http://dl-learner.org/mutagenesis#d106",
        "http://dl-learner.org/mutagenesis#bond5079",
        "http://dl-learner.org/mutagenesis#bond106",
        "http://dl-learner.org/mutagenesis#bond1958",
        "http://dl-learner.org/mutagenesis#bond1334",
        "http://dl-learner.org/mutagenesis#bond5875",
        "http://dl-learner.org/mutagenesis#nitro-632",
        "http://dl-learner.org/mutagenesis#d122",
        "http://dl-learner.org/mutagenesis#d67_12",
        "http://dl-learner.org/mutagenesis#bond107"
      ]
    },
    "RandomUnknown_43": {
      "positive_examples": [
        "http://dl-learner.org/mutagenesis#bond2607",
        "http://dl-learner.org/mutagenesis#d105_8",
        "http://dl-learner.org/mutagenesis#ring_size_6-554",
        "http://dl-learner.org/mutagenesis#d118_5",
        "http://dl-learner.org/mutagenesis#d106_7",
        "http://dl-learner.org/mutagenesis#d171_18",
        "http://dl-learner.org/mutagenesis#bond403",
        "http://dl-learner.org/mutagenesis#d52_8",
        "http://dl-learner.org/mutagenesis#bond3404",
        "http://dl-learner.org/mutagenesis#d118_30"
      ],
      "negative_examples": [
        "http://dl-learner.org/mutagenesis#bond3144",
        "http://dl-learner.org/mutagenesis#benzene-182",
        "http://dl-learner.org/mutagenesis#d122_21",
        "http://dl-learner.org/mutagenesis#d8_22",
        "http://dl-learner.org/mutagenesis#d164_1",
        "http://dl-learner.org/mutagenesis#d148_16",
        "http://dl-learner.org/mutagenesis#nitro-370",
        "http://dl-learner.org/mutagenesis#d97_20",
        "http://dl-learner.org/mutagenesis#d105_22",
        "http://dl-learner.org/mutagenesis#benzene-290"
      ]
    },
    "RandomUnknown_44": {
      "positive_examples": [
        "http://dl-learner.org/mutagenesis#d133_14",
        "http://dl-learner.org/mutagenesis#bond1333",
        "http://dl-learner.org/mutagenesis#d165_22",
        "http://dl-learner.org/mutagenesis#bond5706",
        "http://dl-learner.org/mutagenesis#d150",
        "http://dl-learner.org/mutagenesis#bond5229",
        "http://dl-learner.org/mutagenesis#bond2997",
        "http://dl-learner.org/mutagenesis#bond710",
        "http://dl-learner.org/mutagenesis#d155_11",
        "http://dl-learner.org/mutagenesis#bond1914"
      ],
      "negative_examples": [
        "http://dl-learner.org/mutagenesis#d157_16",
        "http://dl-learner.org/mutagenesis#d33_20",
        "http://dl-learner.org/mutagenesis#bond3081",
        "http://dl-learner.org/mutagenesis#d78_18",
        "http://dl-learner.org/mutagenesis#d150",
        "http://dl-learner.org/mutagenesis#bond1730",
        "http://dl-learner.org/mutagenesis#d164_18",
        "http://dl-learner.org/mutagenesis#bond5920",
        "http://dl-learner.org/mutagenesis#d190_12",
        "http://dl-learner.org/mutagenesis#bond4210"
      ]
    },
    "RandomUnknown_45": {
      "positive_examples": [
        "http://dl-learner.org/mutagenesis#d4_7",
        "http://dl-learner.org/mutagenesis#bond1068",
        "http://dl-learner.org/mutagenesis#bond3534",
        "http://dl-learner.org/mutagenesis#bond1024",
        "http://dl-learner.org/mutagenesis#d28_5",
        "http://dl-learner.org/mutagenesis#benzene-404",
        "http://dl-learner.org/mutagenesis#bond961",
        "http://dl-learner.org/mutagenesis#bond3640",
        "http://dl-learner.org/mutagenesis#d31_29",
        "http://dl-learner.org/mutagenesis#bond635"
      ],
      "negative_examples": [
        "http://dl-learner.org/mutagenesis#bond2155",
        "http://dl-learner.org/mutagenesis#d140_19",
        "http://dl-learner.org/mutagenesis#d135_5",
        "http://dl-learner.org/mutagenesis#bond3626",
        "http://dl-learner.org/mutagenesis#d69_16",
        "http://dl-learner.org/mutagenesis#benzene-169",
        "http://dl-learner.org/mutagenesis#bond3205",
        "http://dl-learner.org/mutagenesis#bond116",
        "http://dl-learner.org/mutagenesis#bond659",
        "http://dl-learner.org/mutagenesis#d138_10"
      ]
    },
    "RandomUnknown_46": {
      "positive_examples": [
        "http://dl-learner.org/mutagenesis#d12_3",
        "http://dl-learner.org/mutagenesis#bond1318",
        "http://dl-learner.org/mutagenesis#bond1085",
        "http://dl-learner.org/mutagenesis#ring_size_5-63",
        "http://dl-learner.org/mutagenesis#d1_9",
        "http://dl-learner.org/mutagenesis#bond1493",
        "http://dl-learner.org/mutagenesis#bond5436",
        "http://dl-learner.org/mutagenesis#e1_29",
        "http://dl-learner.org/mutagenesis#bond2906",
        "http://dl-learner.org/mutagenesis#bond6132"
      ],
      "negative_examples": [
        "http://dl-learner.org/mutagenesis#bond1598",
        "http://dl-learner.org/mutagenesis#f6_11",
        "http://dl-learner.org/mutagenesis#bond1415",
        "http://dl-learner.org/mutagenesis#bond1306",
        "http://dl-learner.org/mutagenesis#d34_12",
        "http://dl-learner.org/mutagenesis#bond1977",
        "http://dl-learner.org/mutagenesis#d197_2",
        "http://dl-learner.org/mutagenesis#d56_23",
        "http://dl-learner.org/mutagenesis#bond3093",
        "http://dl-learner.org/mutagenesis#bond1038"
      ]
    },
    "RandomUnknown_47": {
      "positive_examples": [
        "http://dl-learner.org/mutagenesis#ring_size_6-866",
        "http://dl-learner.org/mutagenesis#d161",
        "http://dl-learner.org/mutagenesis#bond2039",
        "http://dl-learner.org/mutagenesis#bond603",
        "http://dl-learner.org/mutagenesis#bond2891",
        "http://dl-learner.org/mutagenesis#ring_size_5-150",
        "http://dl-learner.org/mutagenesis#bond2731",
        "http://dl-learner.org/mutagenesis#d142_6",
        "http://dl-learner.org/mutagenesis#bond504",
        "http://dl-learner.org/mutagenesis#bond6170"
      ],
      "negative_examples": [
        "http://dl-learner.org/mutagenesis#bond4383",
        "http://dl-learner.org/mutagenesis#bond3789",
        "http://dl-learner.org/mutagenesis#bond831",
        "http://dl-learner.org/mutagenesis#bond3131",
        "http://dl-learner.org/mutagenesis#ring_size_5-1362",
        "http://dl-learner.org/mutagenesis#bond4000",
        "http://dl-learner.org/mutagenesis#bond2930",
        "http://dl-learner.org/mutagenesis#bond303",
        "http://dl-learner.org/mutagenesis#bond2020",
        "http://dl-learner.org/mutagenesis#bond265"
      ]
    },
    "RandomUnknown_48": {
      "positive_examples": [
        "http://dl-learner.org/mutagenesis#d80_4",
        "http://dl-learner.org/mutagenesis#bond4847",
        "http://dl-learner.org/mutagenesis#bond502",
        "http://dl-learner.org/mutagenesis#bond1489",
        "http://dl-learner.org/mutagenesis#bond4304",
        "http://dl-learner.org/mutagenesis#bond71",
        "http://dl-learner.org/mutagenesis#nitro-1376",
        "http://dl-learner.org/mutagenesis#d154_2",
        "http://dl-learner.org/mutagenesis#d63_14",
        "http://dl-learner.org/mutagenesis#nitro-795"
      ],
      "negative_examples": [
        "http://dl-learner.org/mutagenesis#d9_3",
        "http://dl-learner.org/mutagenesis#ring_size_5-1109",
        "http://dl-learner.org/mutagenesis#ring_size_6-245",
        "http://dl-learner.org/mutagenesis#bond5049",
        "http://dl-learner.org/mutagenesis#d171_9",
        "http://dl-learner.org/mutagenesis#bond1901",
        "http://dl-learner.org/mutagenesis#d106_3",
        "http://dl-learner.org/mutagenesis#d111_8",
        "http://dl-learner.org/mutagenesis#benzene-590",
        "http://dl-learner.org/mutagenesis#d194_6"
      ]
    },
    "RandomUnknown_49": {
      "positive_examples": [
        "http://dl-learner.org/mutagenesis#d29_25",
        "http://dl-learner.org/mutagenesis#nitro-1398",
        "http://dl-learner.org/mutagenesis#d23_18",
        "http://dl-learner.org/mutagenesis#d156_7",
        "http://dl-learner.org/mutagenesis#d85_30",
        "http://dl-learner.org/mutagenesis#benzene-787",
        "http://dl-learner.org/mutagenesis#bond815",
        "http://dl-learner.org/mutagenesis#e9_14",
        "http://dl-learner.org/mutagenesis#bond4034",
        "http://dl-learner.org/mutagenesis#bond5436"
      ],
      "negative_examples": [
        "http://dl-learner.org/mutagenesis#d122_19",
        "http://dl-learner.org/mutagenesis#d116_12",
        "http://dl-learner.org/mutagenesis#e15_14",
        "http://dl-learner.org/mutagenesis#bond5688",
        "http://dl-learner.org/mutagenesis#d18",
        "http://dl-learner.org/mutagenesis#d51_26",
        "http://dl-learner.org/mutagenesis#bond4740",
        "http://dl-learner.org/mutagenesis#bond2333",
        "http://dl-learner.org/mutagenesis#bond2279",
        "http://dl-learner.org/mutagenesis#d71_30"
      ]
    }
  }
}