{
   "problems": {
      "(Brother \u2293 Grandfather)": {
         "positive_examples": [
            "http://www.benchmark.org/family#F5M64",
            "http://www.benchmark.org/family#F6M92",
            "http://www.benchmark.org/family#F9M157",
            "http://www.benchmark.org/family#F6M71",
            "http://www.benchmark.org/family#F2M11",
            "http://www.benchmark.org/family#F3M45",
            "http://www.benchmark.org/family#F7M123"
         ],
         "negative_examples": [
            "http://www.benchmark.org/family#F5M66",
            "http://www.benchmark.org/family#F10M188",
            "http://www.benchmark.org/family#F10M173",
            "http://www.benchmark.org/family#F1F3",
            "http://www.benchmark.org/family#F2M37",
            "http://www.benchmark.org/family#F7M115",
            "http://www.benchmark.org/family#F6F84"
         ]
      },
      "(Grandfather \u2293 (Brother \u2293 (\u2203married.Thing)))": {
         "positive_examples": [
            "http://www.benchmark.org/family#F5M64",
            "http://www.benchmark.org/family#F6M92",
            "http://www.benchmark.org/family#F9M157",
            "http://www.benchmark.org/family#F6M71",
            "http://www.benchmark.org/family#F2M11",
            "http://www.benchmark.org/family#F3M45",
            "http://www.benchmark.org/family#F7M123"
         ],
         "negative_examples": [
            "http://www.benchmark.org/family#F6F83",
            "http://www.benchmark.org/family#F7M117",
            "http://www.benchmark.org/family#F7M130",
            "http://www.benchmark.org/family#F7F118",
            "http://www.benchmark.org/family#F9F145",
            "http://www.benchmark.org/family#F8M132",
            "http://www.benchmark.org/family#F6M100"
         ]
      },
      "(Grandfather \u2293 (Brother \u2293 (\u2200hasChild.Thing)))": {
         "positive_examples": [
            "http://www.benchmark.org/family#F5M64",
            "http://www.benchmark.org/family#F6M92",
            "http://www.benchmark.org/family#F9M157",
            "http://www.benchmark.org/family#F6M71",
            "http://www.benchmark.org/family#F2M11",
            "http://www.benchmark.org/family#F3M45",
            "http://www.benchmark.org/family#F7M123"
         ],
         "negative_examples": [
            "http://www.benchmark.org/family#F3M40",
            "http://www.benchmark.org/family#F9F143",
            "http://www.benchmark.org/family#F10M197",
            "http://www.benchmark.org/family#F7F103",
            "http://www.benchmark.org/family#F9M155",
            "http://www.benchmark.org/family#F10M176",
            "http://www.benchmark.org/family#F7M102"
         ]
      },
      "((Brother \u2293 (\u2203married.Thing)) \u2293 (Grandfather \u2293 (\u2200hasSibling.Thing)))": {
         "positive_examples": [
            "http://www.benchmark.org/family#F5M64",
            "http://www.benchmark.org/family#F6M92",
            "http://www.benchmark.org/family#F9M157",
            "http://www.benchmark.org/family#F6M71",
            "http://www.benchmark.org/family#F2M11",
            "http://www.benchmark.org/family#F3M45",
            "http://www.benchmark.org/family#F7M123"
         ],
         "negative_examples": [
            "http://www.benchmark.org/family#F7F106",
            "http://www.benchmark.org/family#F10M182",
            "http://www.benchmark.org/family#F7M131",
            "http://www.benchmark.org/family#F7F129",
            "http://www.benchmark.org/family#F4F58",
            "http://www.benchmark.org/family#F6M95",
            "http://www.benchmark.org/family#F3M40"
         ]
      },
      "((Brother \u2293 (\u2203married.Thing)) \u2293 (Grandfather \u2293 (\u2200married.Thing)))": {
         "positive_examples": [
            "http://www.benchmark.org/family#F5M64",
            "http://www.benchmark.org/family#F6M92",
            "http://www.benchmark.org/family#F9M157",
            "http://www.benchmark.org/family#F6M71",
            "http://www.benchmark.org/family#F2M11",
            "http://www.benchmark.org/family#F3M45",
            "http://www.benchmark.org/family#F7M123"
         ],
         "negative_examples": [
            "http://www.benchmark.org/family#F9F141",
            "http://www.benchmark.org/family#F9F154",
            "http://www.benchmark.org/family#F7M130",
            "http://www.benchmark.org/family#F5F62",
            "http://www.benchmark.org/family#F2M29",
            "http://www.benchmark.org/family#F7F118",
            "http://www.benchmark.org/family#F7F121"
         ]
      },
      "((Brother \u2293 (\u2200hasChild.Thing)) \u2293 (Grandfather \u2293 (\u2200hasSibling.Thing)))": {
         "positive_examples": [
            "http://www.benchmark.org/family#F5M64",
            "http://www.benchmark.org/family#F6M92",
            "http://www.benchmark.org/family#F9M157",
            "http://www.benchmark.org/family#F6M71",
            "http://www.benchmark.org/family#F2M11",
            "http://www.benchmark.org/family#F3M45",
            "http://www.benchmark.org/family#F7M123"
         ],
         "negative_examples": [
            "http://www.benchmark.org/family#F6F77",
            "http://www.benchmark.org/family#F1M6",
            "http://www.benchmark.org/family#F9F152",
            "http://www.benchmark.org/family#F3M40",
            "http://www.benchmark.org/family#F10F185",
            "http://www.benchmark.org/family#F2M31",
            "http://www.benchmark.org/family#F10M196"
         ]
      },
      "(Brother \u2293 Grandparent)": {
         "positive_examples": [
            "http://www.benchmark.org/family#F5M64",
            "http://www.benchmark.org/family#F6M92",
            "http://www.benchmark.org/family#F9M157",
            "http://www.benchmark.org/family#F6M71",
            "http://www.benchmark.org/family#F2M11",
            "http://www.benchmark.org/family#F3M45",
            "http://www.benchmark.org/family#F7M123"
         ],
         "negative_examples": [
            "http://www.benchmark.org/family#F7M115",
            "http://www.benchmark.org/family#F2F26",
            "http://www.benchmark.org/family#F9M153",
            "http://www.benchmark.org/family#F2M23",
            "http://www.benchmark.org/family#F8F135",
            "http://www.benchmark.org/family#F2M31",
            "http://www.benchmark.org/family#F6F84"
         ]
      },
      "(Grandparent \u2293 (Brother \u2293 (\u2203hasParent.Thing)))": {
         "positive_examples": [
            "http://www.benchmark.org/family#F5M64",
            "http://www.benchmark.org/family#F6M92",
            "http://www.benchmark.org/family#F9M157",
            "http://www.benchmark.org/family#F6M71",
            "http://www.benchmark.org/family#F2M11",
            "http://www.benchmark.org/family#F3M45",
            "http://www.benchmark.org/family#F7M123"
         ],
         "negative_examples": [
            "http://www.benchmark.org/family#F10M183",
            "http://www.benchmark.org/family#F10M180",
            "http://www.benchmark.org/family#F9F141",
            "http://www.benchmark.org/family#F7M104",
            "http://www.benchmark.org/family#F2F38",
            "http://www.benchmark.org/family#F10F192",
            "http://www.benchmark.org/family#F3M50"
         ]
      },
      "(Grandparent \u2293 (Brother \u2293 (\u2200hasParent.Thing)))": {
         "positive_examples": [
            "http://www.benchmark.org/family#F5M64",
            "http://www.benchmark.org/family#F6M92",
            "http://www.benchmark.org/family#F9M157",
            "http://www.benchmark.org/family#F6M71",
            "http://www.benchmark.org/family#F2M11",
            "http://www.benchmark.org/family#F3M45",
            "http://www.benchmark.org/family#F7M123"
         ],
         "negative_examples": [
            "http://www.benchmark.org/family#F1F2",
            "http://www.benchmark.org/family#F2M25",
            "http://www.benchmark.org/family#F9F152",
            "http://www.benchmark.org/family#F4M57",
            "http://www.benchmark.org/family#F2M37",
            "http://www.benchmark.org/family#F1F7",
            "http://www.benchmark.org/family#F2F28"
         ]
      },
      "(Grandfather \u2293 (Brother \u2293 (\u2203hasParent.Thing)))": {
         "positive_examples": [
            "http://www.benchmark.org/family#F5M64",
            "http://www.benchmark.org/family#F6M92",
            "http://www.benchmark.org/family#F9M157",
            "http://www.benchmark.org/family#F6M71",
            "http://www.benchmark.org/family#F2M11",
            "http://www.benchmark.org/family#F3M45",
            "http://www.benchmark.org/family#F7M123"
         ],
         "negative_examples": [
            "http://www.benchmark.org/family#F10M182",
            "http://www.benchmark.org/family#F6F70",
            "http://www.benchmark.org/family#F2F22",
            "http://www.benchmark.org/family#F1M6",
            "http://www.benchmark.org/family#F7F127",
            "http://www.benchmark.org/family#F4F56",
            "http://www.benchmark.org/family#F6F76"
         ]
      },
      "((Brother \u2293 (\u2203hasParent.Thing)) \u2293 (Grandparent \u2293 (\u2200hasChild.Thing)))": {
         "positive_examples": [
            "http://www.benchmark.org/family#F5M64",
            "http://www.benchmark.org/family#F6M92",
            "http://www.benchmark.org/family#F9M157",
            "http://www.benchmark.org/family#F6M71",
            "http://www.benchmark.org/family#F2M11",
            "http://www.benchmark.org/family#F3M45",
            "http://www.benchmark.org/family#F7M123"
         ],
         "negative_examples": [
            "http://www.benchmark.org/family#F7M125",
            "http://www.benchmark.org/family#F6F101",
            "http://www.benchmark.org/family#F3F48",
            "http://www.benchmark.org/family#F10F189",
            "http://www.benchmark.org/family#F7F127",
            "http://www.benchmark.org/family#F9M142",
            "http://www.benchmark.org/family#F2F24"
         ]
      },
      "(Grandfather \u2293 (Brother \u2293 (\u2200hasParent.Thing)))": {
         "positive_examples": [
            "http://www.benchmark.org/family#F5M64",
            "http://www.benchmark.org/family#F6M92",
            "http://www.benchmark.org/family#F9M157",
            "http://www.benchmark.org/family#F6M71",
            "http://www.benchmark.org/family#F2M11",
            "http://www.benchmark.org/family#F3M45",
            "http://www.benchmark.org/family#F7M123"
         ],
         "negative_examples": [
            "http://www.benchmark.org/family#F9M139",
            "http://www.benchmark.org/family#F4M54",
            "http://www.benchmark.org/family#F1F7",
            "http://www.benchmark.org/family#F6M69",
            "http://www.benchmark.org/family#F7M104",
            "http://www.benchmark.org/family#F2M16",
            "http://www.benchmark.org/family#F9M159"
         ]
      },
      "(Grandfather \u2293 (Grandfather \u2293 (\u2203hasSibling.Thing)))": {
         "positive_examples": [
            "http://www.benchmark.org/family#F5M64",
            "http://www.benchmark.org/family#F6M92",
            "http://www.benchmark.org/family#F9M157",
            "http://www.benchmark.org/family#F6M71",
            "http://www.benchmark.org/family#F2M11",
            "http://www.benchmark.org/family#F3M45",
            "http://www.benchmark.org/family#F7M123"
         ],
         "negative_examples": [
            "http://www.benchmark.org/family#F5F65",
            "http://www.benchmark.org/family#F8M136",
            "http://www.benchmark.org/family#F6F72",
            "http://www.benchmark.org/family#F10F201",
            "http://www.benchmark.org/family#F6F96",
            "http://www.benchmark.org/family#F10M194",
            "http://www.benchmark.org/family#F10M202"
         ]
      },
      "((Grandfather \u2293 (\u2200married.Thing)) \u2293 (Grandfather \u2293 (\u2203hasSibling.Thing)))": {
         "positive_examples": [
            "http://www.benchmark.org/family#F5M64",
            "http://www.benchmark.org/family#F6M92",
            "http://www.benchmark.org/family#F9M157",
            "http://www.benchmark.org/family#F6M71",
            "http://www.benchmark.org/family#F2M11",
            "http://www.benchmark.org/family#F3M45",
            "http://www.benchmark.org/family#F7M123"
         ],
         "negative_examples": [
            "http://www.benchmark.org/family#F10M196",
            "http://www.benchmark.org/family#F9M161",
            "http://www.benchmark.org/family#F9M144",
            "http://www.benchmark.org/family#F2F14",
            "http://www.benchmark.org/family#F9F158",
            "http://www.benchmark.org/family#F5M68",
            "http://www.benchmark.org/family#F9M142"
         ]
      },
      "((Grandfather \u2293 (\u2203hasParent.Thing)) \u2293 (Grandfather \u2293 (\u2203hasSibling.Thing)))": {
         "positive_examples": [
            "http://www.benchmark.org/family#F5M64",
            "http://www.benchmark.org/family#F6M92",
            "http://www.benchmark.org/family#F9M157",
            "http://www.benchmark.org/family#F6M71",
            "http://www.benchmark.org/family#F2M11",
            "http://www.benchmark.org/family#F3M45",
            "http://www.benchmark.org/family#F7M123"
         ],
         "negative_examples": [
            "http://www.benchmark.org/family#F1M8",
            "http://www.benchmark.org/family#F6M88",
            "http://www.benchmark.org/family#F3F53",
            "http://www.benchmark.org/family#F3M40",
            "http://www.benchmark.org/family#F7M117",
            "http://www.benchmark.org/family#F5F61",
            "http://www.benchmark.org/family#F5F67"
         ]
      },
      "((Grandfather \u2293 (\u2203hasSibling.Thing)) \u2293 ((\u2200married.Thing) \u2293 (Grandfather \u2293 (\u2203hasChild.Thing))))": {
         "positive_examples": [
            "http://www.benchmark.org/family#F5M64",
            "http://www.benchmark.org/family#F6M92",
            "http://www.benchmark.org/family#F9M157",
            "http://www.benchmark.org/family#F6M71",
            "http://www.benchmark.org/family#F2M11",
            "http://www.benchmark.org/family#F3M45",
            "http://www.benchmark.org/family#F7M123"
         ],
         "negative_examples": [
            "http://www.benchmark.org/family#F8M134",
            "http://www.benchmark.org/family#F3M43",
            "http://www.benchmark.org/family#F7F129",
            "http://www.benchmark.org/family#F2M32",
            "http://www.benchmark.org/family#F9M142",
            "http://www.benchmark.org/family#F2F19",
            "http://www.benchmark.org/family#F1F5"
         ]
      },
      "((Grandfather \u2293 (\u2203hasSibling.Thing)) \u2293 ((\u2200married.Thing) \u2293 (Grandfather \u2293 (\u2200hasSibling.Thing))))": {
         "positive_examples": [
            "http://www.benchmark.org/family#F5M64",
            "http://www.benchmark.org/family#F6M92",
            "http://www.benchmark.org/family#F9M157",
            "http://www.benchmark.org/family#F6M71",
            "http://www.benchmark.org/family#F2M11",
            "http://www.benchmark.org/family#F3M45",
            "http://www.benchmark.org/family#F7M123"
         ],
         "negative_examples": [
            "http://www.benchmark.org/family#F1F5",
            "http://www.benchmark.org/family#F2F22",
            "http://www.benchmark.org/family#F7M131",
            "http://www.benchmark.org/family#F6M75",
            "http://www.benchmark.org/family#F2F15",
            "http://www.benchmark.org/family#F5F62",
            "http://www.benchmark.org/family#F8M136"
         ]
      },
      "(Person \u2293 (Grandfather \u2293 (\u2203hasSibling.Thing)))": {
         "positive_examples": [
            "http://www.benchmark.org/family#F5M64",
            "http://www.benchmark.org/family#F6M92",
            "http://www.benchmark.org/family#F9M157",
            "http://www.benchmark.org/family#F6M71",
            "http://www.benchmark.org/family#F2M11",
            "http://www.benchmark.org/family#F3M45",
            "http://www.benchmark.org/family#F7M123"
         ],
         "negative_examples": [
            "http://www.benchmark.org/family#F9M153",
            "http://www.benchmark.org/family#F6M69",
            "http://www.benchmark.org/family#F10F175",
            "http://www.benchmark.org/family#F2M23",
            "http://www.benchmark.org/family#F2M35",
            "http://www.benchmark.org/family#F10M171",
            "http://www.benchmark.org/family#F10M183"
         ]
      },
      "(Grandson \u2293 (Grandfather \u2293 (\u2203hasSibling.Thing)))": {
         "positive_examples": [
            "http://www.benchmark.org/family#F3M45",
            "http://www.benchmark.org/family#F7M123"
         ],
         "negative_examples": [
            "http://www.benchmark.org/family#F5M63",
            "http://www.benchmark.org/family#F8M132"
         ]
      },
      "(Father \u2293 (Grandfather \u2293 (\u2203hasSibling.Thing)))": {
         "positive_examples": [
            "http://www.benchmark.org/family#F5M64",
            "http://www.benchmark.org/family#F6M92",
            "http://www.benchmark.org/family#F9M157",
            "http://www.benchmark.org/family#F6M71",
            "http://www.benchmark.org/family#F2M11",
            "http://www.benchmark.org/family#F3M45",
            "http://www.benchmark.org/family#F7M123"
         ],
         "negative_examples": [
            "http://www.benchmark.org/family#F8M136",
            "http://www.benchmark.org/family#F7F103",
            "http://www.benchmark.org/family#F10F174",
            "http://www.benchmark.org/family#F7F111",
            "http://www.benchmark.org/family#F7M107",
            "http://www.benchmark.org/family#F2M27",
            "http://www.benchmark.org/family#F10F175"
         ]
      },
      "((Grandfather \u2293 (\u2203hasSibling.Thing)) \u2293 (Grandson \u2293 (\u2200hasChild.Thing)))": {
         "positive_examples": [
            "http://www.benchmark.org/family#F3M45",
            "http://www.benchmark.org/family#F7M123"
         ],
         "negative_examples": [
            "http://www.benchmark.org/family#F3F48",
            "http://www.benchmark.org/family#F7F126"
         ]
      },
      "((Grandfather \u2293 (\u2203hasSibling.Thing)) \u2293 (Grandson \u2293 (\u2200hasSibling.Thing)))": {
         "positive_examples": [
            "http://www.benchmark.org/family#F3M45",
            "http://www.benchmark.org/family#F7M123"
         ],
         "negative_examples": [
            "http://www.benchmark.org/family#F6F84",
            "http://www.benchmark.org/family#F2F26"
         ]
      },
      "(Grandchild \u2293 Grandfather)": {
         "positive_examples": [
            "http://www.benchmark.org/family#F3M45",
            "http://www.benchmark.org/family#F3M47",
            "http://www.benchmark.org/family#F2M21",
            "http://www.benchmark.org/family#F7M123"
         ],
         "negative_examples": [
            "http://www.benchmark.org/family#F7M110",
            "http://www.benchmark.org/family#F9M146",
            "http://www.benchmark.org/family#F2M25",
            "http://www.benchmark.org/family#F10M197"
         ]
      },
      "(Grandfather \u2293 Grandson)": {
         "positive_examples": [
            "http://www.benchmark.org/family#F3M45",
            "http://www.benchmark.org/family#F3M47",
            "http://www.benchmark.org/family#F2M21",
            "http://www.benchmark.org/family#F7M123"
         ],
         "negative_examples": [
            "http://www.benchmark.org/family#F6F97",
            "http://www.benchmark.org/family#F7F127",
            "http://www.benchmark.org/family#F7M130",
            "http://www.benchmark.org/family#F2F33"
         ]
      },
      "(Grandfather \u2293 (Grandchild \u2293 (\u2203hasParent.Thing)))": {
         "positive_examples": [
            "http://www.benchmark.org/family#F3M45",
            "http://www.benchmark.org/family#F3M47",
            "http://www.benchmark.org/family#F2M21",
            "http://www.benchmark.org/family#F7M123"
         ],
         "negative_examples": [
            "http://www.benchmark.org/family#F9M144",
            "http://www.benchmark.org/family#F7M104",
            "http://www.benchmark.org/family#F6M88",
            "http://www.benchmark.org/family#F6M78"
         ]
      },
      "(Grandson \u2293 (Grandfather \u2293 (\u2200hasSibling.Thing)))": {
         "positive_examples": [
            "http://www.benchmark.org/family#F3M45",
            "http://www.benchmark.org/family#F3M47",
            "http://www.benchmark.org/family#F2M21",
            "http://www.benchmark.org/family#F7M123"
         ],
         "negative_examples": [
            "http://www.benchmark.org/family#F10F191",
            "http://www.benchmark.org/family#F8F133",
            "http://www.benchmark.org/family#F1M1",
            "http://www.benchmark.org/family#F5M60"
         ]
      },
      "(Grandson \u2293 (Grandfather \u2293 (\u2200hasChild.Thing)))": {
         "positive_examples": [
            "http://www.benchmark.org/family#F3M45",
            "http://www.benchmark.org/family#F3M47",
            "http://www.benchmark.org/family#F2M21",
            "http://www.benchmark.org/family#F7M123"
         ],
         "negative_examples": [
            "http://www.benchmark.org/family#F10M173",
            "http://www.benchmark.org/family#F10F174",
            "http://www.benchmark.org/family#F7M125",
            "http://www.benchmark.org/family#F2F30"
         ]
      },
      "((Grandchild \u2293 (\u2203hasParent.Thing)) \u2293 (Grandfather \u2293 (\u2200hasSibling.Thing)))": {
         "positive_examples": [
            "http://www.benchmark.org/family#F3M45",
            "http://www.benchmark.org/family#F3M47",
            "http://www.benchmark.org/family#F2M21",
            "http://www.benchmark.org/family#F7M123"
         ],
         "negative_examples": [
            "http://www.benchmark.org/family#F2F10",
            "http://www.benchmark.org/family#F7F124",
            "http://www.benchmark.org/family#F3M40",
            "http://www.benchmark.org/family#F9M153"
         ]
      },
      "(Grandfather \u2293 PersonWithASibling)": {
         "positive_examples": [
            "http://www.benchmark.org/family#F5M64",
            "http://www.benchmark.org/family#F6M92",
            "http://www.benchmark.org/family#F9M157",
            "http://www.benchmark.org/family#F6M71",
            "http://www.benchmark.org/family#F2M11",
            "http://www.benchmark.org/family#F3M45",
            "http://www.benchmark.org/family#F7M123"
         ],
         "negative_examples": [
            "http://www.benchmark.org/family#F3F41",
            "http://www.benchmark.org/family#F3M51",
            "http://www.benchmark.org/family#F2M21",
            "http://www.benchmark.org/family#F6F70",
            "http://www.benchmark.org/family#F2M16",
            "http://www.benchmark.org/family#F7M122",
            "http://www.benchmark.org/family#F2M39"
         ]
      },
      "(PersonWithASibling \u2293 (Grandfather \u2293 (\u2203hasChild.Thing)))": {
         "positive_examples": [
            "http://www.benchmark.org/family#F5M64",
            "http://www.benchmark.org/family#F6M92",
            "http://www.benchmark.org/family#F9M157",
            "http://www.benchmark.org/family#F6M71",
            "http://www.benchmark.org/family#F2M11",
            "http://www.benchmark.org/family#F3M45",
            "http://www.benchmark.org/family#F7M123"
         ],
         "negative_examples": [
            "http://www.benchmark.org/family#F1F3",
            "http://www.benchmark.org/family#F2F24",
            "http://www.benchmark.org/family#F10F201",
            "http://www.benchmark.org/family#F7M120",
            "http://www.benchmark.org/family#F3M44",
            "http://www.benchmark.org/family#F8M138",
            "http://www.benchmark.org/family#F6F83"
         ]
      },
      "(PersonWithASibling \u2293 (Grandfather \u2293 (\u2203married.Thing)))": {
         "positive_examples": [
            "http://www.benchmark.org/family#F5M64",
            "http://www.benchmark.org/family#F6M92",
            "http://www.benchmark.org/family#F9M157",
            "http://www.benchmark.org/family#F6M71",
            "http://www.benchmark.org/family#F2M11",
            "http://www.benchmark.org/family#F3M45",
            "http://www.benchmark.org/family#F7M123"
         ],
         "negative_examples": [
            "http://www.benchmark.org/family#F10M173",
            "http://www.benchmark.org/family#F5M60",
            "http://www.benchmark.org/family#F7M102",
            "http://www.benchmark.org/family#F10M197",
            "http://www.benchmark.org/family#F8M136",
            "http://www.benchmark.org/family#F2M39",
            "http://www.benchmark.org/family#F5F62"
         ]
      },
      "(Brother \u2293 (Grandfather \u2293 (\u2203hasChild.Thing)))": {
         "positive_examples": [
            "http://www.benchmark.org/family#F5M64",
            "http://www.benchmark.org/family#F6M92",
            "http://www.benchmark.org/family#F9M157",
            "http://www.benchmark.org/family#F6M71",
            "http://www.benchmark.org/family#F2M11",
            "http://www.benchmark.org/family#F3M45",
            "http://www.benchmark.org/family#F7M123"
         ],
         "negative_examples": [
            "http://www.benchmark.org/family#F1F2",
            "http://www.benchmark.org/family#F2M23",
            "http://www.benchmark.org/family#F10M180",
            "http://www.benchmark.org/family#F2M20",
            "http://www.benchmark.org/family#F1M1",
            "http://www.benchmark.org/family#F3M51",
            "http://www.benchmark.org/family#F1F3"
         ]
      },
      "((Grandfather \u2293 (\u2203hasChild.Thing)) \u2293 (PersonWithASibling \u2293 (\u2200hasParent.Thing)))": {
         "positive_examples": [
            "http://www.benchmark.org/family#F5M64",
            "http://www.benchmark.org/family#F6M92",
            "http://www.benchmark.org/family#F9M157",
            "http://www.benchmark.org/family#F6M71",
            "http://www.benchmark.org/family#F2M11",
            "http://www.benchmark.org/family#F3M45",
            "http://www.benchmark.org/family#F7M123"
         ],
         "negative_examples": [
            "http://www.benchmark.org/family#F10F185",
            "http://www.benchmark.org/family#F1F5",
            "http://www.benchmark.org/family#F9M146",
            "http://www.benchmark.org/family#F2M34",
            "http://www.benchmark.org/family#F2F19",
            "http://www.benchmark.org/family#F6F70",
            "http://www.benchmark.org/family#F4M57"
         ]
      },
      "(Brother \u2293 (Grandfather \u2293 (\u2203married.Thing)))": {
         "positive_examples": [
            "http://www.benchmark.org/family#F5M64",
            "http://www.benchmark.org/family#F6M92",
            "http://www.benchmark.org/family#F9M157",
            "http://www.benchmark.org/family#F6M71",
            "http://www.benchmark.org/family#F2M11",
            "http://www.benchmark.org/family#F3M45",
            "http://www.benchmark.org/family#F7M123"
         ],
         "negative_examples": [
            "http://www.benchmark.org/family#F3F42",
            "http://www.benchmark.org/family#F6M100",
            "http://www.benchmark.org/family#F9F154",
            "http://www.benchmark.org/family#F2F19",
            "http://www.benchmark.org/family#F7M104",
            "http://www.benchmark.org/family#F2M9",
            "http://www.benchmark.org/family#F8M138"
         ]
      },
      "(Son \u2293 (Grandfather \u2293 (\u2203hasSibling.Thing)))": {
         "positive_examples": [
            "http://www.benchmark.org/family#F5M64",
            "http://www.benchmark.org/family#F6M92",
            "http://www.benchmark.org/family#F9M157",
            "http://www.benchmark.org/family#F6M71",
            "http://www.benchmark.org/family#F2M11",
            "http://www.benchmark.org/family#F3M45",
            "http://www.benchmark.org/family#F7M123"
         ],
         "negative_examples": [
            "http://www.benchmark.org/family#F5M63",
            "http://www.benchmark.org/family#F7M107",
            "http://www.benchmark.org/family#F10M178",
            "http://www.benchmark.org/family#F6M99",
            "http://www.benchmark.org/family#F6F76",
            "http://www.benchmark.org/family#F3F42",
            "http://www.benchmark.org/family#F2F14"
         ]
      },
      "((Grandfather \u2293 (\u2203hasSibling.Thing)) \u2293 (Son \u2293 (\u2200hasSibling.Thing)))": {
         "positive_examples": [
            "http://www.benchmark.org/family#F5M64",
            "http://www.benchmark.org/family#F6M92",
            "http://www.benchmark.org/family#F9M157",
            "http://www.benchmark.org/family#F6M71",
            "http://www.benchmark.org/family#F2M11",
            "http://www.benchmark.org/family#F3M45",
            "http://www.benchmark.org/family#F7M123"
         ],
         "negative_examples": [
            "http://www.benchmark.org/family#F2M39",
            "http://www.benchmark.org/family#F10F174",
            "http://www.benchmark.org/family#F9M144",
            "http://www.benchmark.org/family#F9F145",
            "http://www.benchmark.org/family#F7F103",
            "http://www.benchmark.org/family#F10M197",
            "http://www.benchmark.org/family#F9F141"
         ]
      },
      "((Grandfather \u2293 (\u2203hasSibling.Thing)) \u2293 (Son \u2293 (\u2203hasSibling.Thing)))": {
         "positive_examples": [
            "http://www.benchmark.org/family#F5M64",
            "http://www.benchmark.org/family#F6M92",
            "http://www.benchmark.org/family#F9M157",
            "http://www.benchmark.org/family#F6M71",
            "http://www.benchmark.org/family#F2M11",
            "http://www.benchmark.org/family#F3M45",
            "http://www.benchmark.org/family#F7M123"
         ],
         "negative_examples": [
            "http://www.benchmark.org/family#F3M47",
            "http://www.benchmark.org/family#F8M138",
            "http://www.benchmark.org/family#F9M167",
            "http://www.benchmark.org/family#F7M112",
            "http://www.benchmark.org/family#F7M113",
            "http://www.benchmark.org/family#F10M182",
            "http://www.benchmark.org/family#F9F158"
         ]
      },
      "((Son \u2293 (\u2200hasSibling.Thing)) \u2293 ((\u2203hasSibling.Thing) \u2293 (Grandfather \u2293 (\u2203married.Thing))))": {
         "positive_examples": [
            "http://www.benchmark.org/family#F5M64",
            "http://www.benchmark.org/family#F6M92",
            "http://www.benchmark.org/family#F9M157",
            "http://www.benchmark.org/family#F6M71",
            "http://www.benchmark.org/family#F2M11",
            "http://www.benchmark.org/family#F3M45",
            "http://www.benchmark.org/family#F7M123"
         ],
         "negative_examples": [
            "http://www.benchmark.org/family#F7M102",
            "http://www.benchmark.org/family#F8M134",
            "http://www.benchmark.org/family#F7F127",
            "http://www.benchmark.org/family#F8F135",
            "http://www.benchmark.org/family#F7F105",
            "http://www.benchmark.org/family#F7F116",
            "http://www.benchmark.org/family#F2M31"
         ]
      },
      "((Son \u2293 (\u2200hasSibling.Thing)) \u2293 ((\u2203hasSibling.Thing) \u2293 (Grandfather \u2293 (\u2200hasSibling.Thing))))": {
         "positive_examples": [
            "http://www.benchmark.org/family#F5M64",
            "http://www.benchmark.org/family#F6M92",
            "http://www.benchmark.org/family#F9M157",
            "http://www.benchmark.org/family#F6M71",
            "http://www.benchmark.org/family#F2M11",
            "http://www.benchmark.org/family#F3M45",
            "http://www.benchmark.org/family#F7M123"
         ],
         "negative_examples": [
            "http://www.benchmark.org/family#F2M25",
            "http://www.benchmark.org/family#F9F163",
            "http://www.benchmark.org/family#F10F195",
            "http://www.benchmark.org/family#F6F83",
            "http://www.benchmark.org/family#F3M47",
            "http://www.benchmark.org/family#F10F198",
            "http://www.benchmark.org/family#F7M130"
         ]
      },
      "(Grandson \u2293 (Grandfather \u2293 (\u2203married.Thing)))": {
         "positive_examples": [
            "http://www.benchmark.org/family#F3M45",
            "http://www.benchmark.org/family#F3M47",
            "http://www.benchmark.org/family#F2M21",
            "http://www.benchmark.org/family#F7M123"
         ],
         "negative_examples": [
            "http://www.benchmark.org/family#F9M170",
            "http://www.benchmark.org/family#F7M128",
            "http://www.benchmark.org/family#F5M63",
            "http://www.benchmark.org/family#F7F119"
         ]
      },
      "(Grandchild \u2293 Grandmother)": {
         "positive_examples": [
            "http://www.benchmark.org/family#F7F106",
            "http://www.benchmark.org/family#F7F121",
            "http://www.benchmark.org/family#F7F108",
            "http://www.benchmark.org/family#F9F143",
            "http://www.benchmark.org/family#F2F30",
            "http://www.benchmark.org/family#F6F94"
         ],
         "negative_examples": [
            "http://www.benchmark.org/family#F1M1",
            "http://www.benchmark.org/family#F10M197",
            "http://www.benchmark.org/family#F2M35",
            "http://www.benchmark.org/family#F3F42",
            "http://www.benchmark.org/family#F6F74",
            "http://www.benchmark.org/family#F2M29"
         ]
      },
      "(Granddaughter \u2293 Grandmother)": {
         "positive_examples": [
            "http://www.benchmark.org/family#F7F106",
            "http://www.benchmark.org/family#F7F121",
            "http://www.benchmark.org/family#F7F108",
            "http://www.benchmark.org/family#F9F143",
            "http://www.benchmark.org/family#F2F30",
            "http://www.benchmark.org/family#F6F94"
         ],
         "negative_examples": [
            "http://www.benchmark.org/family#F6M90",
            "http://www.benchmark.org/family#F7M104",
            "http://www.benchmark.org/family#F4M57",
            "http://www.benchmark.org/family#F8M138",
            "http://www.benchmark.org/family#F1M1",
            "http://www.benchmark.org/family#F9F145"
         ]
      },
      "(Grandmother \u2293 (Grandchild \u2293 (\u2200hasChild.Thing)))": {
         "positive_examples": [
            "http://www.benchmark.org/family#F7F106",
            "http://www.benchmark.org/family#F7F121",
            "http://www.benchmark.org/family#F7F108",
            "http://www.benchmark.org/family#F9F143",
            "http://www.benchmark.org/family#F2F30",
            "http://www.benchmark.org/family#F6F94"
         ],
         "negative_examples": [
            "http://www.benchmark.org/family#F6F79",
            "http://www.benchmark.org/family#F8M134",
            "http://www.benchmark.org/family#F2F17",
            "http://www.benchmark.org/family#F5M68",
            "http://www.benchmark.org/family#F7M113",
            "http://www.benchmark.org/family#F9M142"
         ]
      },
      "(Grandmother \u2293 (Granddaughter \u2293 (\u2203hasChild.Thing)))": {
         "positive_examples": [
            "http://www.benchmark.org/family#F7F106",
            "http://www.benchmark.org/family#F7F121",
            "http://www.benchmark.org/family#F7F108",
            "http://www.benchmark.org/family#F2F30",
            "http://www.benchmark.org/family#F6F94",
            "http://www.benchmark.org/family#F9F143"
         ],
         "negative_examples": [
            "http://www.benchmark.org/family#F9F145",
            "http://www.benchmark.org/family#F3F46",
            "http://www.benchmark.org/family#F3M50",
            "http://www.benchmark.org/family#F9M170",
            "http://www.benchmark.org/family#F6F93",
            "http://www.benchmark.org/family#F8F135"
         ]
      },
      "(Grandmother \u2293 (Granddaughter \u2293 (\u2203hasParent.Thing)))": {
         "positive_examples": [
            "http://www.benchmark.org/family#F7F106",
            "http://www.benchmark.org/family#F7F121",
            "http://www.benchmark.org/family#F7F108",
            "http://www.benchmark.org/family#F9F143",
            "http://www.benchmark.org/family#F2F30",
            "http://www.benchmark.org/family#F6F94"
         ],
         "negative_examples": [
            "http://www.benchmark.org/family#F1M4",
            "http://www.benchmark.org/family#F8F135",
            "http://www.benchmark.org/family#F8M132",
            "http://www.benchmark.org/family#F9M167",
            "http://www.benchmark.org/family#F10F186",
            "http://www.benchmark.org/family#F3F46"
         ]
      },
      "((Grandchild \u2293 (\u2200hasChild.Thing)) \u2293 (Grandmother \u2293 (\u2203hasParent.Thing)))": {
         "positive_examples": [
            "http://www.benchmark.org/family#F7F106",
            "http://www.benchmark.org/family#F7F121",
            "http://www.benchmark.org/family#F7F108",
            "http://www.benchmark.org/family#F2F30",
            "http://www.benchmark.org/family#F6F94",
            "http://www.benchmark.org/family#F9F143"
         ],
         "negative_examples": [
            "http://www.benchmark.org/family#F6M69",
            "http://www.benchmark.org/family#F5F67",
            "http://www.benchmark.org/family#F10F195",
            "http://www.benchmark.org/family#F10F175",
            "http://www.benchmark.org/family#F8M138",
            "http://www.benchmark.org/family#F9F140"
         ]
      },
      "(Grandmother \u2293 (Granddaughter \u2293 (\u2200hasSibling.Thing)))": {
         "positive_examples": [
            "http://www.benchmark.org/family#F7F106",
            "http://www.benchmark.org/family#F7F121",
            "http://www.benchmark.org/family#F7F108",
            "http://www.benchmark.org/family#F9F143",
            "http://www.benchmark.org/family#F2F30",
            "http://www.benchmark.org/family#F6F94"
         ],
         "negative_examples": [
            "http://www.benchmark.org/family#F3M45",
            "http://www.benchmark.org/family#F5F67",
            "http://www.benchmark.org/family#F5M66",
            "http://www.benchmark.org/family#F9M170",
            "http://www.benchmark.org/family#F9M162",
            "http://www.benchmark.org/family#F2F38"
         ]
      },
      "((Granddaughter \u2293 (\u2200hasSibling.Thing)) \u2293 (Grandmother \u2293 (\u2203hasSibling.Thing)))": {
         "positive_examples": [
            "http://www.benchmark.org/family#F7F106",
            "http://www.benchmark.org/family#F7F121",
            "http://www.benchmark.org/family#F7F108",
            "http://www.benchmark.org/family#F9F143",
            "http://www.benchmark.org/family#F6F94"
         ],
         "negative_examples": [
            "http://www.benchmark.org/family#F9F168",
            "http://www.benchmark.org/family#F5F62",
            "http://www.benchmark.org/family#F10F189",
            "http://www.benchmark.org/family#F6F84",
            "http://www.benchmark.org/family#F10M187"
         ]
      },
      "((Granddaughter \u2293 (\u2200hasSibling.Thing)) \u2293 (Grandmother \u2293 (\u2200hasSibling.Thing)))": {
         "positive_examples": [
            "http://www.benchmark.org/family#F7F106",
            "http://www.benchmark.org/family#F7F121",
            "http://www.benchmark.org/family#F7F108",
            "http://www.benchmark.org/family#F9F143",
            "http://www.benchmark.org/family#F2F30",
            "http://www.benchmark.org/family#F6F94"
         ],
         "negative_examples": [
            "http://www.benchmark.org/family#F2M20",
            "http://www.benchmark.org/family#F9F152",
            "http://www.benchmark.org/family#F5F61",
            "http://www.benchmark.org/family#F6M71",
            "http://www.benchmark.org/family#F6F87",
            "http://www.benchmark.org/family#F6F79"
         ]
      },
      "((Granddaughter \u2293 (\u2203hasParent.Thing)) \u2293 (Grandmother \u2293 (\u2200hasChild.Thing)))": {
         "positive_examples": [
            "http://www.benchmark.org/family#F7F106",
            "http://www.benchmark.org/family#F7F121",
            "http://www.benchmark.org/family#F7F108",
            "http://www.benchmark.org/family#F9F143",
            "http://www.benchmark.org/family#F2F30",
            "http://www.benchmark.org/family#F6F94"
         ],
         "negative_examples": [
            "http://www.benchmark.org/family#F9M159",
            "http://www.benchmark.org/family#F8M136",
            "http://www.benchmark.org/family#F2M31",
            "http://www.benchmark.org/family#F1M4",
            "http://www.benchmark.org/family#F10M184",
            "http://www.benchmark.org/family#F2M23"
         ]
      },
      "(Grandson \u2293 (Brother \u2293 (\u2203hasChild.Thing)))": {
         "positive_examples": [
            "http://www.benchmark.org/family#F9M159",
            "http://www.benchmark.org/family#F9M153",
            "http://www.benchmark.org/family#F10M188",
            "http://www.benchmark.org/family#F9M162",
            "http://www.benchmark.org/family#F6M81",
            "http://www.benchmark.org/family#F7M115",
            "http://www.benchmark.org/family#F3M45",
            "http://www.benchmark.org/family#F7M123"
         ],
         "negative_examples": [
            "http://www.benchmark.org/family#F3M43",
            "http://www.benchmark.org/family#F10F195",
            "http://www.benchmark.org/family#F7F106",
            "http://www.benchmark.org/family#F7F118",
            "http://www.benchmark.org/family#F9M151",
            "http://www.benchmark.org/family#F10M171",
            "http://www.benchmark.org/family#F7F108",
            "http://www.benchmark.org/family#F7M125"
         ]
      },
      "((Brother \u2293 (\u2203hasChild.Thing)) \u2293 (Grandson \u2293 (\u2203hasChild.Thing)))": {
         "positive_examples": [
            "http://www.benchmark.org/family#F9M159",
            "http://www.benchmark.org/family#F9M153",
            "http://www.benchmark.org/family#F10M188",
            "http://www.benchmark.org/family#F9M162",
            "http://www.benchmark.org/family#F6M81",
            "http://www.benchmark.org/family#F7M115",
            "http://www.benchmark.org/family#F3M45",
            "http://www.benchmark.org/family#F7M123"
         ],
         "negative_examples": [
            "http://www.benchmark.org/family#F4M54",
            "http://www.benchmark.org/family#F6M90",
            "http://www.benchmark.org/family#F9F152",
            "http://www.benchmark.org/family#F7F127",
            "http://www.benchmark.org/family#F10F177",
            "http://www.benchmark.org/family#F2F36",
            "http://www.benchmark.org/family#F6M98",
            "http://www.benchmark.org/family#F3M50"
         ]
      },
      "((Brother \u2293 (\u2203hasChild.Thing)) \u2293 (Grandson \u2293 (\u2203hasParent.Thing)))": {
         "positive_examples": [
            "http://www.benchmark.org/family#F9M159",
            "http://www.benchmark.org/family#F9M153",
            "http://www.benchmark.org/family#F10M188",
            "http://www.benchmark.org/family#F9M162",
            "http://www.benchmark.org/family#F6M81",
            "http://www.benchmark.org/family#F7M115",
            "http://www.benchmark.org/family#F3M45",
            "http://www.benchmark.org/family#F7M123"
         ],
         "negative_examples": [
            "http://www.benchmark.org/family#F2F28",
            "http://www.benchmark.org/family#F6F94",
            "http://www.benchmark.org/family#F6M99",
            "http://www.benchmark.org/family#F7M120",
            "http://www.benchmark.org/family#F9M142",
            "http://www.benchmark.org/family#F6F87",
            "http://www.benchmark.org/family#F10F193",
            "http://www.benchmark.org/family#F10M171"
         ]
      },
      "((Grandson \u2293 (\u2203hasChild.Thing)) \u2293 ((\u2203hasChild.Thing) \u2293 (Brother \u2293 (\u2200married.Thing))))": {
         "positive_examples": [
            "http://www.benchmark.org/family#F9M159",
            "http://www.benchmark.org/family#F9M153",
            "http://www.benchmark.org/family#F10M188",
            "http://www.benchmark.org/family#F9M162",
            "http://www.benchmark.org/family#F6M81",
            "http://www.benchmark.org/family#F7M115",
            "http://www.benchmark.org/family#F3M45",
            "http://www.benchmark.org/family#F7M123"
         ],
         "negative_examples": [
            "http://www.benchmark.org/family#F7F108",
            "http://www.benchmark.org/family#F2M25",
            "http://www.benchmark.org/family#F2M18",
            "http://www.benchmark.org/family#F9F143",
            "http://www.benchmark.org/family#F7F119",
            "http://www.benchmark.org/family#F3F48",
            "http://www.benchmark.org/family#F10F186",
            "http://www.benchmark.org/family#F7M131"
         ]
      },
      "((Grandson \u2293 (\u2203hasChild.Thing)) \u2293 ((\u2203hasChild.Thing) \u2293 (Brother \u2293 (\u2200hasSibling.Thing))))": {
         "positive_examples": [
            "http://www.benchmark.org/family#F9M159",
            "http://www.benchmark.org/family#F9M153",
            "http://www.benchmark.org/family#F10M188",
            "http://www.benchmark.org/family#F9M162",
            "http://www.benchmark.org/family#F6M81",
            "http://www.benchmark.org/family#F7M115",
            "http://www.benchmark.org/family#F3M45",
            "http://www.benchmark.org/family#F7M123"
         ],
         "negative_examples": [
            "http://www.benchmark.org/family#F2M32",
            "http://www.benchmark.org/family#F2F12",
            "http://www.benchmark.org/family#F1M4",
            "http://www.benchmark.org/family#F10F181",
            "http://www.benchmark.org/family#F5F67",
            "http://www.benchmark.org/family#F7F116",
            "http://www.benchmark.org/family#F7F108",
            "http://www.benchmark.org/family#F7M117"
         ]
      },
      "(Grandparent \u2293 Grandson)": {
         "positive_examples": [
            "http://www.benchmark.org/family#F3M45",
            "http://www.benchmark.org/family#F3M47",
            "http://www.benchmark.org/family#F2M21",
            "http://www.benchmark.org/family#F7M123"
         ],
         "negative_examples": [
            "http://www.benchmark.org/family#F4M54",
            "http://www.benchmark.org/family#F6M95",
            "http://www.benchmark.org/family#F10F189",
            "http://www.benchmark.org/family#F7F121"
         ]
      },
      "(Grandson \u2293 (Grandparent \u2293 (\u2200hasParent.Thing)))": {
         "positive_examples": [
            "http://www.benchmark.org/family#F3M45",
            "http://www.benchmark.org/family#F3M47",
            "http://www.benchmark.org/family#F2M21",
            "http://www.benchmark.org/family#F7M123"
         ],
         "negative_examples": [
            "http://www.benchmark.org/family#F5F65",
            "http://www.benchmark.org/family#F3M44",
            "http://www.benchmark.org/family#F6F101",
            "http://www.benchmark.org/family#F10M202"
         ]
      },
      "(Grandson \u2293 (Grandfather \u2293 (\u2203hasParent.Thing)))": {
         "positive_examples": [
            "http://www.benchmark.org/family#F3M47",
            "http://www.benchmark.org/family#F3M45",
            "http://www.benchmark.org/family#F2M21",
            "http://www.benchmark.org/family#F7M123"
         ],
         "negative_examples": [
            "http://www.benchmark.org/family#F4M54",
            "http://www.benchmark.org/family#F3F48",
            "http://www.benchmark.org/family#F1M6",
            "http://www.benchmark.org/family#F9F158"
         ]
      },
      "((Grandparent \u2293 (\u2200hasParent.Thing)) \u2293 (Grandson \u2293 (\u2200hasChild.Thing)))": {
         "positive_examples": [
            "http://www.benchmark.org/family#F3M45",
            "http://www.benchmark.org/family#F3M47",
            "http://www.benchmark.org/family#F2M21",
            "http://www.benchmark.org/family#F7M123"
         ],
         "negative_examples": [
            "http://www.benchmark.org/family#F4M54",
            "http://www.benchmark.org/family#F3M51",
            "http://www.benchmark.org/family#F6F96",
            "http://www.benchmark.org/family#F4F58"
         ]
      },
      "(Grandson \u2293 (Grandfather \u2293 (\u2200married.Thing)))": {
         "positive_examples": [
            "http://www.benchmark.org/family#F3M45",
            "http://www.benchmark.org/family#F3M47",
            "http://www.benchmark.org/family#F2M21",
            "http://www.benchmark.org/family#F7M123"
         ],
         "negative_examples": [
            "http://www.benchmark.org/family#F8M136",
            "http://www.benchmark.org/family#F1F3",
            "http://www.benchmark.org/family#F8M134",
            "http://www.benchmark.org/family#F3F52"
         ]
      },
      "((Grandfather \u2293 (\u2200married.Thing)) \u2293 (Grandson \u2293 (\u2203hasParent.Thing)))": {
         "positive_examples": [
            "http://www.benchmark.org/family#F3M45",
            "http://www.benchmark.org/family#F3M47",
            "http://www.benchmark.org/family#F2M21",
            "http://www.benchmark.org/family#F7M123"
         ],
         "negative_examples": [
            "http://www.benchmark.org/family#F9F145",
            "http://www.benchmark.org/family#F7M130",
            "http://www.benchmark.org/family#F6F97",
            "http://www.benchmark.org/family#F6F94"
         ]
      },
      "((Grandfather \u2293 (\u2200married.Thing)) \u2293 (Grandson \u2293 (\u2200hasSibling.Thing)))": {
         "positive_examples": [
            "http://www.benchmark.org/family#F3M45",
            "http://www.benchmark.org/family#F3M47",
            "http://www.benchmark.org/family#F2M21",
            "http://www.benchmark.org/family#F7M123"
         ],
         "negative_examples": [
            "http://www.benchmark.org/family#F9F154",
            "http://www.benchmark.org/family#F2M29",
            "http://www.benchmark.org/family#F6F91",
            "http://www.benchmark.org/family#F7M109"
         ]
      },
      "(Grandchild \u2293 Grandparent)": {
         "positive_examples": [
            "http://www.benchmark.org/family#F7F106",
            "http://www.benchmark.org/family#F2M21",
            "http://www.benchmark.org/family#F7F121",
            "http://www.benchmark.org/family#F3M47",
            "http://www.benchmark.org/family#F7F108",
            "http://www.benchmark.org/family#F9F143",
            "http://www.benchmark.org/family#F2F30",
            "http://www.benchmark.org/family#F3M45",
            "http://www.benchmark.org/family#F6F94",
            "http://www.benchmark.org/family#F7M123"
         ],
         "negative_examples": [
            "http://www.benchmark.org/family#F6F93",
            "http://www.benchmark.org/family#F1M6",
            "http://www.benchmark.org/family#F1F2",
            "http://www.benchmark.org/family#F2M25",
            "http://www.benchmark.org/family#F9M149",
            "http://www.benchmark.org/family#F7M122",
            "http://www.benchmark.org/family#F9M144",
            "http://www.benchmark.org/family#F7F111",
            "http://www.benchmark.org/family#F6F76",
            "http://www.benchmark.org/family#F8M136"
         ]
      },
      "(Granddaughter \u2293 Grandparent)": {
         "positive_examples": [
            "http://www.benchmark.org/family#F7F106",
            "http://www.benchmark.org/family#F7F121",
            "http://www.benchmark.org/family#F7F108",
            "http://www.benchmark.org/family#F9F143",
            "http://www.benchmark.org/family#F2F30",
            "http://www.benchmark.org/family#F6F94"
         ],
         "negative_examples": [
            "http://www.benchmark.org/family#F9M144",
            "http://www.benchmark.org/family#F6M100",
            "http://www.benchmark.org/family#F9F158",
            "http://www.benchmark.org/family#F3M50",
            "http://www.benchmark.org/family#F5M64",
            "http://www.benchmark.org/family#F9F140"
         ]
      },
      "(Grandparent \u2293 (Granddaughter \u2293 (\u2203hasSibling.Thing)))": {
         "positive_examples": [
            "http://www.benchmark.org/family#F7F106",
            "http://www.benchmark.org/family#F7F121",
            "http://www.benchmark.org/family#F7F108",
            "http://www.benchmark.org/family#F6F94",
            "http://www.benchmark.org/family#F9F143"
         ],
         "negative_examples": [
            "http://www.benchmark.org/family#F1F7",
            "http://www.benchmark.org/family#F10M183",
            "http://www.benchmark.org/family#F9M149",
            "http://www.benchmark.org/family#F7M130",
            "http://www.benchmark.org/family#F6F93"
         ]
      },
      "(PersonWithASibling \u2293 (Grandfather \u2293 (\u2200married.Thing)))": {
         "positive_examples": [
            "http://www.benchmark.org/family#F5M64",
            "http://www.benchmark.org/family#F6M92",
            "http://www.benchmark.org/family#F9M157",
            "http://www.benchmark.org/family#F6M71",
            "http://www.benchmark.org/family#F2M11",
            "http://www.benchmark.org/family#F3M45",
            "http://www.benchmark.org/family#F7M123"
         ],
         "negative_examples": [
            "http://www.benchmark.org/family#F10M196",
            "http://www.benchmark.org/family#F3F41",
            "http://www.benchmark.org/family#F8F133",
            "http://www.benchmark.org/family#F2M29",
            "http://www.benchmark.org/family#F9M167",
            "http://www.benchmark.org/family#F9F140",
            "http://www.benchmark.org/family#F1F5"
         ]
      },
      "(Brother \u2293 (Grandfather \u2293 (\u2200married.Thing)))": {
         "positive_examples": [
            "http://www.benchmark.org/family#F5M64",
            "http://www.benchmark.org/family#F6M92",
            "http://www.benchmark.org/family#F9M157",
            "http://www.benchmark.org/family#F6M71",
            "http://www.benchmark.org/family#F2M11",
            "http://www.benchmark.org/family#F3M45",
            "http://www.benchmark.org/family#F7M123"
         ],
         "negative_examples": [
            "http://www.benchmark.org/family#F9F141",
            "http://www.benchmark.org/family#F4M54",
            "http://www.benchmark.org/family#F10F200",
            "http://www.benchmark.org/family#F7M120",
            "http://www.benchmark.org/family#F7F106",
            "http://www.benchmark.org/family#F2F26",
            "http://www.benchmark.org/family#F10F174"
         ]
      },
      "((Grandfather \u2293 (\u2200married.Thing)) \u2293 (PersonWithASibling \u2293 (\u2200married.Thing)))": {
         "positive_examples": [
            "http://www.benchmark.org/family#F5M64",
            "http://www.benchmark.org/family#F6M92",
            "http://www.benchmark.org/family#F9M157",
            "http://www.benchmark.org/family#F6M71",
            "http://www.benchmark.org/family#F2M11",
            "http://www.benchmark.org/family#F3M45",
            "http://www.benchmark.org/family#F7M123"
         ],
         "negative_examples": [
            "http://www.benchmark.org/family#F7F119",
            "http://www.benchmark.org/family#F9F141",
            "http://www.benchmark.org/family#F9M165",
            "http://www.benchmark.org/family#F2M29",
            "http://www.benchmark.org/family#F10M180",
            "http://www.benchmark.org/family#F9M147",
            "http://www.benchmark.org/family#F3F46"
         ]
      },
      "(Grandparent \u2293 (Granddaughter \u2293 (\u2200hasSibling.Thing)))": {
         "positive_examples": [
            "http://www.benchmark.org/family#F7F106",
            "http://www.benchmark.org/family#F7F121",
            "http://www.benchmark.org/family#F7F108",
            "http://www.benchmark.org/family#F9F143",
            "http://www.benchmark.org/family#F2F30",
            "http://www.benchmark.org/family#F6F94"
         ],
         "negative_examples": [
            "http://www.benchmark.org/family#F2F12",
            "http://www.benchmark.org/family#F5M68",
            "http://www.benchmark.org/family#F4F56",
            "http://www.benchmark.org/family#F9F150",
            "http://www.benchmark.org/family#F1F2",
            "http://www.benchmark.org/family#F3M51"
         ]
      },
      "(Grandparent \u2293 (Granddaughter \u2293 (\u2203married.Thing)))": {
         "positive_examples": [
            "http://www.benchmark.org/family#F7F106",
            "http://www.benchmark.org/family#F7F121",
            "http://www.benchmark.org/family#F7F108",
            "http://www.benchmark.org/family#F9F143",
            "http://www.benchmark.org/family#F2F30",
            "http://www.benchmark.org/family#F6F94"
         ],
         "negative_examples": [
            "http://www.benchmark.org/family#F9M162",
            "http://www.benchmark.org/family#F9F164",
            "http://www.benchmark.org/family#F6M95",
            "http://www.benchmark.org/family#F2F14",
            "http://www.benchmark.org/family#F6F82",
            "http://www.benchmark.org/family#F10F198"
         ]
      },
      "((Granddaughter \u2293 (\u2200hasSibling.Thing)) \u2293 (Grandparent \u2293 (\u2200hasSibling.Thing)))": {
         "positive_examples": [
            "http://www.benchmark.org/family#F7F106",
            "http://www.benchmark.org/family#F7F121",
            "http://www.benchmark.org/family#F7F108",
            "http://www.benchmark.org/family#F9F143",
            "http://www.benchmark.org/family#F2F30",
            "http://www.benchmark.org/family#F6F94"
         ],
         "negative_examples": [
            "http://www.benchmark.org/family#F10M182",
            "http://www.benchmark.org/family#F2F24",
            "http://www.benchmark.org/family#F7M110",
            "http://www.benchmark.org/family#F2F17",
            "http://www.benchmark.org/family#F8F135",
            "http://www.benchmark.org/family#F6M98"
         ]
      },
      "(Grandmother \u2293 (Granddaughter \u2293 (\u2203married.Thing)))": {
         "positive_examples": [
            "http://www.benchmark.org/family#F7F106",
            "http://www.benchmark.org/family#F7F121",
            "http://www.benchmark.org/family#F7F108",
            "http://www.benchmark.org/family#F9F143",
            "http://www.benchmark.org/family#F2F30",
            "http://www.benchmark.org/family#F6F94"
         ],
         "negative_examples": [
            "http://www.benchmark.org/family#F1F7",
            "http://www.benchmark.org/family#F9F163",
            "http://www.benchmark.org/family#F9M170",
            "http://www.benchmark.org/family#F1F2",
            "http://www.benchmark.org/family#F5M63",
            "http://www.benchmark.org/family#F7M102"
         ]
      },
      "((Grandfather \u2293 (\u2203married.Thing)) \u2293 (PersonWithASibling \u2293 (\u2200hasChild.Thing)))": {
         "positive_examples": [
            "http://www.benchmark.org/family#F5M64",
            "http://www.benchmark.org/family#F6M92",
            "http://www.benchmark.org/family#F9M157",
            "http://www.benchmark.org/family#F6M71",
            "http://www.benchmark.org/family#F2M11",
            "http://www.benchmark.org/family#F3M45",
            "http://www.benchmark.org/family#F7M123"
         ],
         "negative_examples": [
            "http://www.benchmark.org/family#F4F55",
            "http://www.benchmark.org/family#F9F163",
            "http://www.benchmark.org/family#F10M171",
            "http://www.benchmark.org/family#F2M32",
            "http://www.benchmark.org/family#F6F74",
            "http://www.benchmark.org/family#F7F129",
            "http://www.benchmark.org/family#F2F30"
         ]
      },
      "(Grandson \u2293 (Grandparent \u2293 (\u2203married.Thing)))": {
         "positive_examples": [
            "http://www.benchmark.org/family#F3M45",
            "http://www.benchmark.org/family#F3M47",
            "http://www.benchmark.org/family#F2M21",
            "http://www.benchmark.org/family#F7M123"
         ],
         "negative_examples": [
            "http://www.benchmark.org/family#F7F121",
            "http://www.benchmark.org/family#F6M73",
            "http://www.benchmark.org/family#F9F152",
            "http://www.benchmark.org/family#F7M131"
         ]
      }
   }
}