{
  "problems": {
    "RandomUnknown_0": {
      "positive_examples": [
        "http://dl-learner.org/carcinogenesis#bond4234",
        "http://dl-learner.org/carcinogenesis#bond3084",
        "http://dl-learner.org/carcinogenesis#d78_3",
        "http://dl-learner.org/carcinogenesis#bond7879",
        "http://dl-learner.org/carcinogenesis#bond3835",
        "http://dl-learner.org/carcinogenesis#d298_1",
        "http://dl-learner.org/carcinogenesis#d49_5",
        "http://dl-learner.org/carcinogenesis#bond1974",
        "http://dl-learner.org/carcinogenesis#bond4898",
        "http://dl-learner.org/carcinogenesis#d313_33",
        "http://dl-learner.org/carcinogenesis#d329_66",
        "http://dl-learner.org/carcinogenesis#bond3885",
        "http://dl-learner.org/carcinogenesis#bond5453",
        "http://dl-learner.org/carcinogenesis#d105_6",
        "http://dl-learner.org/carcinogenesis#bond4012"
      ],
      "negative_examples": [
        "http://dl-learner.org/carcinogenesis#methyl-1093",
        "http://dl-learner.org/carcinogenesis#d166_10",
        "http://dl-learner.org/carcinogenesis#d196_10",
        "http://dl-learner.org/carcinogenesis#bond9155",
        "http://dl-learner.org/carcinogenesis#d57_10",
        "http://dl-learner.org/carcinogenesis#bond5654",
        "http://dl-learner.org/carcinogenesis#d221_16",
        "http://dl-learner.org/carcinogenesis#ar_halide-2507",
        "http://dl-learner.org/carcinogenesis#nitro-2677",
        "http://dl-learner.org/carcinogenesis#bond8575",
        "http://dl-learner.org/carcinogenesis#d325_16",
        "http://dl-learner.org/carcinogenesis#d13_15",
        "http://dl-learner.org/carcinogenesis#d8_13",
        "http://dl-learner.org/carcinogenesis#bond799",
        "http://dl-learner.org/carcinogenesis#d121_6"
      ]
    },
    "RandomUnknown_1": {
      "positive_examples": [
        "http://dl-learner.org/carcinogenesis#bond8995",
        "http://dl-learner.org/carcinogenesis#bond4868",
        "http://dl-learner.org/carcinogenesis#d97_31",
        "http://dl-learner.org/carcinogenesis#d231_79",
        "http://dl-learner.org/carcinogenesis#d197_42",
        "http://dl-learner.org/carcinogenesis#ketone-168",
        "http://dl-learner.org/carcinogenesis#bond2033",
        "http://dl-learner.org/carcinogenesis#sulfide-1241",
        "http://dl-learner.org/carcinogenesis#d336_5",
        "http://dl-learner.org/carcinogenesis#d46_15",
        "http://dl-learner.org/carcinogenesis#d40_29",
        "http://dl-learner.org/carcinogenesis#bond3829",
        "http://dl-learner.org/carcinogenesis#bond2667",
        "http://dl-learner.org/carcinogenesis#bond7967",
        "http://dl-learner.org/carcinogenesis#bond7289"
      ],
      "negative_examples": [
        "http://dl-learner.org/carcinogenesis#d24_16",
        "http://dl-learner.org/carcinogenesis#bond3668",
        "http://dl-learner.org/carcinogenesis#ether-612",
        "http://dl-learner.org/carcinogenesis#bond5259",
        "http://dl-learner.org/carcinogenesis#d285_13",
        "http://dl-learner.org/carcinogenesis#d227_2",
        "http://dl-learner.org/carcinogenesis#bond4541",
        "http://dl-learner.org/carcinogenesis#bond9106",
        "http://dl-learner.org/carcinogenesis#bond80",
        "http://dl-learner.org/carcinogenesis#bond4180",
        "http://dl-learner.org/carcinogenesis#d8_2",
        "http://dl-learner.org/carcinogenesis#d288_6",
        "http://dl-learner.org/carcinogenesis#bond2964",
        "http://dl-learner.org/carcinogenesis#bond9125",
        "http://dl-learner.org/carcinogenesis#bond5846"
      ]
    },
    "RandomUnknown_2": {
      "positive_examples": [
        "http://dl-learner.org/carcinogenesis#bond7278",
        "http://dl-learner.org/carcinogenesis#d264_25",
        "http://dl-learner.org/carcinogenesis#bond8314",
        "http://dl-learner.org/carcinogenesis#d147_49",
        "http://dl-learner.org/carcinogenesis#d13_16",
        "http://dl-learner.org/carcinogenesis#ar_halide-1508",
        "http://dl-learner.org/carcinogenesis#bond6916",
        "http://dl-learner.org/carcinogenesis#bond7532",
        "http://dl-learner.org/carcinogenesis#d107c_26",
        "http://dl-learner.org/carcinogenesis#d173_66",
        "http://dl-learner.org/carcinogenesis#bond4917",
        "http://dl-learner.org/carcinogenesis#bond8288",
        "http://dl-learner.org/carcinogenesis#d13_35",
        "http://dl-learner.org/carcinogenesis#methyl-277",
        "http://dl-learner.org/carcinogenesis#d202_2"
      ],
      "negative_examples": [
        "http://dl-learner.org/carcinogenesis#bond5829",
        "http://dl-learner.org/carcinogenesis#d2_19",
        "http://dl-learner.org/carcinogenesis#d102_3",
        "http://dl-learner.org/carcinogenesis#bond6032",
        "http://dl-learner.org/carcinogenesis#d10_3",
        "http://dl-learner.org/carcinogenesis#bond5630",
        "http://dl-learner.org/carcinogenesis#d325_14",
        "http://dl-learner.org/carcinogenesis#bond7218",
        "http://dl-learner.org/carcinogenesis#d119_4",
        "http://dl-learner.org/carcinogenesis#bond3412",
        "http://dl-learner.org/carcinogenesis#bond520",
        "http://dl-learner.org/carcinogenesis#d171_35",
        "http://dl-learner.org/carcinogenesis#bond4254",
        "http://dl-learner.org/carcinogenesis#d246_72",
        "http://dl-learner.org/carcinogenesis#d131_10"
      ]
    },
    "RandomUnknown_3": {
      "positive_examples": [
        "http://dl-learner.org/carcinogenesis#bond4688",
        "http://dl-learner.org/carcinogenesis#bond1858",
        "http://dl-learner.org/carcinogenesis#d26_16",
        "http://dl-learner.org/carcinogenesis#d117_18",
        "http://dl-learner.org/carcinogenesis#d311_31",
        "http://dl-learner.org/carcinogenesis#d86b_2",
        "http://dl-learner.org/carcinogenesis#d173_58",
        "http://dl-learner.org/carcinogenesis#bond6060",
        "http://dl-learner.org/carcinogenesis#methoxy-2014",
        "http://dl-learner.org/carcinogenesis#bond4673",
        "http://dl-learner.org/carcinogenesis#bond6368",
        "http://dl-learner.org/carcinogenesis#bond9201",
        "http://dl-learner.org/carcinogenesis#bond6577",
        "http://dl-learner.org/carcinogenesis#ethoxy-3466",
        "http://dl-learner.org/carcinogenesis#d52_10"
      ],
      "negative_examples": [
        "http://dl-learner.org/carcinogenesis#d297_121",
        "http://dl-learner.org/carcinogenesis#d29a_17",
        "http://dl-learner.org/carcinogenesis#d40",
        "http://dl-learner.org/carcinogenesis#d140_22",
        "http://dl-learner.org/carcinogenesis#d52_21",
        "http://dl-learner.org/carcinogenesis#methyl-615",
        "http://dl-learner.org/carcinogenesis#bond4785",
        "http://dl-learner.org/carcinogenesis#di10-3286",
        "http://dl-learner.org/carcinogenesis#d12",
        "http://dl-learner.org/carcinogenesis#d29b_6",
        "http://dl-learner.org/carcinogenesis#d264",
        "http://dl-learner.org/carcinogenesis#bond3267",
        "http://dl-learner.org/carcinogenesis#alkyl_halide-119",
        "http://dl-learner.org/carcinogenesis#bond1930",
        "http://dl-learner.org/carcinogenesis#amine-1155"
      ]
    },
    "RandomUnknown_4": {
      "positive_examples": [
        "http://dl-learner.org/carcinogenesis#bond2013",
        "http://dl-learner.org/carcinogenesis#d206_4",
        "http://dl-learner.org/carcinogenesis#alcohol-2155",
        "http://dl-learner.org/carcinogenesis#d154_13",
        "http://dl-learner.org/carcinogenesis#bond8985",
        "http://dl-learner.org/carcinogenesis#methyl-1272",
        "http://dl-learner.org/carcinogenesis#d84a_38",
        "http://dl-learner.org/carcinogenesis#nitro-2715",
        "http://dl-learner.org/carcinogenesis#bond3247",
        "http://dl-learner.org/carcinogenesis#d278_24",
        "http://dl-learner.org/carcinogenesis#d172_17",
        "http://dl-learner.org/carcinogenesis#bond3114",
        "http://dl-learner.org/carcinogenesis#non_ar_hetero_5_ring-295",
        "http://dl-learner.org/carcinogenesis#bond967",
        "http://dl-learner.org/carcinogenesis#d292_7"
      ],
      "negative_examples": [
        "http://dl-learner.org/carcinogenesis#bond2900",
        "http://dl-learner.org/carcinogenesis#bond6390",
        "http://dl-learner.org/carcinogenesis#d320_4",
        "http://dl-learner.org/carcinogenesis#bond6099",
        "http://dl-learner.org/carcinogenesis#methyl-2500",
        "http://dl-learner.org/carcinogenesis#ether-2576",
        "http://dl-learner.org/carcinogenesis#bond4201",
        "http://dl-learner.org/carcinogenesis#bond8962",
        "http://dl-learner.org/carcinogenesis#ether-1752",
        "http://dl-learner.org/carcinogenesis#d212_38",
        "http://dl-learner.org/carcinogenesis#bond8074",
        "http://dl-learner.org/carcinogenesis#d7_18",
        "http://dl-learner.org/carcinogenesis#ether-1885",
        "http://dl-learner.org/carcinogenesis#d111_19",
        "http://dl-learner.org/carcinogenesis#bond263"
      ]
    },
    "RandomUnknown_5": {
      "positive_examples": [
        "http://dl-learner.org/carcinogenesis#methyl-1964",
        "http://dl-learner.org/carcinogenesis#alkyl_halide-59",
        "http://dl-learner.org/carcinogenesis#five_ring-2040",
        "http://dl-learner.org/carcinogenesis#non_ar_6c_ring-693",
        "http://dl-learner.org/carcinogenesis#d124_21",
        "http://dl-learner.org/carcinogenesis#bond8243",
        "http://dl-learner.org/carcinogenesis#d133_5",
        "http://dl-learner.org/carcinogenesis#six_ring-1",
        "http://dl-learner.org/carcinogenesis#bond4571",
        "http://dl-learner.org/carcinogenesis#bond1750",
        "http://dl-learner.org/carcinogenesis#bond2893",
        "http://dl-learner.org/carcinogenesis#bond5181",
        "http://dl-learner.org/carcinogenesis#d100_25",
        "http://dl-learner.org/carcinogenesis#bond1949",
        "http://dl-learner.org/carcinogenesis#bond2046"
      ],
      "negative_examples": [
        "http://dl-learner.org/carcinogenesis#bond400",
        "http://dl-learner.org/carcinogenesis#bond4801",
        "http://dl-learner.org/carcinogenesis#bond7380",
        "http://dl-learner.org/carcinogenesis#bond2951",
        "http://dl-learner.org/carcinogenesis#bond545",
        "http://dl-learner.org/carcinogenesis#bond2412",
        "http://dl-learner.org/carcinogenesis#d89_18",
        "http://dl-learner.org/carcinogenesis#d151_26",
        "http://dl-learner.org/carcinogenesis#bond3499",
        "http://dl-learner.org/carcinogenesis#d289_6",
        "http://dl-learner.org/carcinogenesis#bond3512",
        "http://dl-learner.org/carcinogenesis#d312_13",
        "http://dl-learner.org/carcinogenesis#bond6276",
        "http://dl-learner.org/carcinogenesis#bond8001",
        "http://dl-learner.org/carcinogenesis#d136"
      ]
    },
    "RandomUnknown_6": {
      "positive_examples": [
        "http://dl-learner.org/carcinogenesis#d211_5",
        "http://dl-learner.org/carcinogenesis#d145_43",
        "http://dl-learner.org/carcinogenesis#d290_12",
        "http://dl-learner.org/carcinogenesis#d314_9",
        "http://dl-learner.org/carcinogenesis#d231_94",
        "http://dl-learner.org/carcinogenesis#d106_9",
        "http://dl-learner.org/carcinogenesis#d330_27",
        "http://dl-learner.org/carcinogenesis#bond7237",
        "http://dl-learner.org/carcinogenesis#bond4933",
        "http://dl-learner.org/carcinogenesis#bond9123",
        "http://dl-learner.org/carcinogenesis#bond299",
        "http://dl-learner.org/carcinogenesis#bond7303",
        "http://dl-learner.org/carcinogenesis#d329_31",
        "http://dl-learner.org/carcinogenesis#bond5643",
        "http://dl-learner.org/carcinogenesis#d4_7"
      ],
      "negative_examples": [
        "http://dl-learner.org/carcinogenesis#d208_2_44",
        "http://dl-learner.org/carcinogenesis#bond8751",
        "http://dl-learner.org/carcinogenesis#bond6682",
        "http://dl-learner.org/carcinogenesis#bond5654",
        "http://dl-learner.org/carcinogenesis#bond6268",
        "http://dl-learner.org/carcinogenesis#cyanate-3434",
        "http://dl-learner.org/carcinogenesis#d186a_17",
        "http://dl-learner.org/carcinogenesis#d107c_58",
        "http://dl-learner.org/carcinogenesis#bond3316",
        "http://dl-learner.org/carcinogenesis#d299_3",
        "http://dl-learner.org/carcinogenesis#bond1121",
        "http://dl-learner.org/carcinogenesis#d171_24",
        "http://dl-learner.org/carcinogenesis#alkyl_halide-426",
        "http://dl-learner.org/carcinogenesis#ar_halide-1447",
        "http://dl-learner.org/carcinogenesis#bond4543"
      ]
    },
    "RandomUnknown_7": {
      "positive_examples": [
        "http://dl-learner.org/carcinogenesis#bond4665",
        "http://dl-learner.org/carcinogenesis#bond5412",
        "http://dl-learner.org/carcinogenesis#d226_8",
        "http://dl-learner.org/carcinogenesis#d154_7",
        "http://dl-learner.org/carcinogenesis#d265_20",
        "http://dl-learner.org/carcinogenesis#bond4284",
        "http://dl-learner.org/carcinogenesis#d223_2",
        "http://dl-learner.org/carcinogenesis#bond1679",
        "http://dl-learner.org/carcinogenesis#bond2033",
        "http://dl-learner.org/carcinogenesis#bond3883",
        "http://dl-learner.org/carcinogenesis#d322_57",
        "http://dl-learner.org/carcinogenesis#d225b_19",
        "http://dl-learner.org/carcinogenesis#six_ring-2036",
        "http://dl-learner.org/carcinogenesis#bond1757",
        "http://dl-learner.org/carcinogenesis#bond3655"
      ],
      "negative_examples": [
        "http://dl-learner.org/carcinogenesis#bond2476",
        "http://dl-learner.org/carcinogenesis#bond154",
        "http://dl-learner.org/carcinogenesis#d313_42",
        "http://dl-learner.org/carcinogenesis#bond7582",
        "http://dl-learner.org/carcinogenesis#bond9090",
        "http://dl-learner.org/carcinogenesis#ar_halide-115",
        "http://dl-learner.org/carcinogenesis#bond1985",
        "http://dl-learner.org/carcinogenesis#bond4773",
        "http://dl-learner.org/carcinogenesis#bond2217",
        "http://dl-learner.org/carcinogenesis#bond5016",
        "http://dl-learner.org/carcinogenesis#bond7850",
        "http://dl-learner.org/carcinogenesis#bond883",
        "http://dl-learner.org/carcinogenesis#d52_8",
        "http://dl-learner.org/carcinogenesis#d22_1",
        "http://dl-learner.org/carcinogenesis#d241_11"
      ]
    },
    "RandomUnknown_8": {
      "positive_examples": [
        "http://dl-learner.org/carcinogenesis#ketone-1359",
        "http://dl-learner.org/carcinogenesis#bond2353",
        "http://dl-learner.org/carcinogenesis#bond1768",
        "http://dl-learner.org/carcinogenesis#bond7786",
        "http://dl-learner.org/carcinogenesis#bond6442",
        "http://dl-learner.org/carcinogenesis#non_ar_hetero_6_ring-1544",
        "http://dl-learner.org/carcinogenesis#d78_3",
        "http://dl-learner.org/carcinogenesis#bond7600",
        "http://dl-learner.org/carcinogenesis#bond8427",
        "http://dl-learner.org/carcinogenesis#d164_10",
        "http://dl-learner.org/carcinogenesis#ether-1080",
        "http://dl-learner.org/carcinogenesis#bond4644",
        "http://dl-learner.org/carcinogenesis#bond2021",
        "http://dl-learner.org/carcinogenesis#d277_3",
        "http://dl-learner.org/carcinogenesis#bond576"
      ],
      "negative_examples": [
        "http://dl-learner.org/carcinogenesis#d184_16",
        "http://dl-learner.org/carcinogenesis#d317_3",
        "http://dl-learner.org/carcinogenesis#d315_27",
        "http://dl-learner.org/carcinogenesis#d61_17",
        "http://dl-learner.org/carcinogenesis#d220b_7",
        "http://dl-learner.org/carcinogenesis#bond4282",
        "http://dl-learner.org/carcinogenesis#d251_20",
        "http://dl-learner.org/carcinogenesis#halide10-3592",
        "http://dl-learner.org/carcinogenesis#d299_6",
        "http://dl-learner.org/carcinogenesis#d269_11",
        "http://dl-learner.org/carcinogenesis#bond5334",
        "http://dl-learner.org/carcinogenesis#bond2628",
        "http://dl-learner.org/carcinogenesis#d186a_38",
        "http://dl-learner.org/carcinogenesis#bond5865",
        "http://dl-learner.org/carcinogenesis#d297_124"
      ]
    },
    "RandomUnknown_9": {
      "positive_examples": [
        "http://dl-learner.org/carcinogenesis#d171_17",
        "http://dl-learner.org/carcinogenesis#bond1358",
        "http://dl-learner.org/carcinogenesis#bond4715",
        "http://dl-learner.org/carcinogenesis#bond5434",
        "http://dl-learner.org/carcinogenesis#bond8333",
        "http://dl-learner.org/carcinogenesis#bond2033",
        "http://dl-learner.org/carcinogenesis#six_ring-1280",
        "http://dl-learner.org/carcinogenesis#d197_2",
        "http://dl-learner.org/carcinogenesis#bond5244",
        "http://dl-learner.org/carcinogenesis#d86a_4",
        "http://dl-learner.org/carcinogenesis#d322_6",
        "http://dl-learner.org/carcinogenesis#d297_64",
        "http://dl-learner.org/carcinogenesis#d334_19",
        "http://dl-learner.org/carcinogenesis#d137_48",
        "http://dl-learner.org/carcinogenesis#d297_76"
      ],
      "negative_examples": [
        "http://dl-learner.org/carcinogenesis#d72_19",
        "http://dl-learner.org/carcinogenesis#bond1186",
        "http://dl-learner.org/carcinogenesis#bond4378",
        "http://dl-learner.org/carcinogenesis#bond8216",
        "http://dl-learner.org/carcinogenesis#bond3577",
        "http://dl-learner.org/carcinogenesis#bond7186",
        "http://dl-learner.org/carcinogenesis#d44_13",
        "http://dl-learner.org/carcinogenesis#bond4734",
        "http://dl-learner.org/carcinogenesis#d9_17",
        "http://dl-learner.org/carcinogenesis#ether-795",
        "http://dl-learner.org/carcinogenesis#bond6348",
        "http://dl-learner.org/carcinogenesis#bond3103",
        "http://dl-learner.org/carcinogenesis#bond4172",
        "http://dl-learner.org/carcinogenesis#bond2944",
        "http://dl-learner.org/carcinogenesis#bond1871"
      ]
    },
    "RandomUnknown_10": {
      "positive_examples": [
        "http://dl-learner.org/carcinogenesis#bond1978",
        "http://dl-learner.org/carcinogenesis#bond2539",
        "http://dl-learner.org/carcinogenesis#bond4894",
        "http://dl-learner.org/carcinogenesis#bond687",
        "http://dl-learner.org/carcinogenesis#bond7937",
        "http://dl-learner.org/carcinogenesis#d231_48",
        "http://dl-learner.org/carcinogenesis#d17_4",
        "http://dl-learner.org/carcinogenesis#d324_45",
        "http://dl-learner.org/carcinogenesis#d71_1",
        "http://dl-learner.org/carcinogenesis#ar_halide-1509",
        "http://dl-learner.org/carcinogenesis#bond2122",
        "http://dl-learner.org/carcinogenesis#bond6955",
        "http://dl-learner.org/carcinogenesis#bond3254",
        "http://dl-learner.org/carcinogenesis#non_ar_hetero_6_ring-1000",
        "http://dl-learner.org/carcinogenesis#d327_28"
      ],
      "negative_examples": [
        "http://dl-learner.org/carcinogenesis#d86a_12",
        "http://dl-learner.org/carcinogenesis#d197_33",
        "http://dl-learner.org/carcinogenesis#ketone-2282",
        "http://dl-learner.org/carcinogenesis#bond5228",
        "http://dl-learner.org/carcinogenesis#ester-507",
        "http://dl-learner.org/carcinogenesis#methyl-1745",
        "http://dl-learner.org/carcinogenesis#d91_2",
        "http://dl-learner.org/carcinogenesis#bond2218",
        "http://dl-learner.org/carcinogenesis#d157_24",
        "http://dl-learner.org/carcinogenesis#bond6522",
        "http://dl-learner.org/carcinogenesis#d29b_18",
        "http://dl-learner.org/carcinogenesis#d161_40",
        "http://dl-learner.org/carcinogenesis#bond2387",
        "http://dl-learner.org/carcinogenesis#bond4774",
        "http://dl-learner.org/carcinogenesis#bond5265"
      ]
    },
    "RandomUnknown_11": {
      "positive_examples": [
        "http://dl-learner.org/carcinogenesis#bond8884",
        "http://dl-learner.org/carcinogenesis#ar_halide-1895",
        "http://dl-learner.org/carcinogenesis#d327_3",
        "http://dl-learner.org/carcinogenesis#alkyl_halide-157",
        "http://dl-learner.org/carcinogenesis#d297_116",
        "http://dl-learner.org/carcinogenesis#d89_6",
        "http://dl-learner.org/carcinogenesis#d220a_9",
        "http://dl-learner.org/carcinogenesis#d136_2",
        "http://dl-learner.org/carcinogenesis#ketone-2346",
        "http://dl-learner.org/carcinogenesis#bond5750",
        "http://dl-learner.org/carcinogenesis#bond4554",
        "http://dl-learner.org/carcinogenesis#non_ar_6c_ring-2385",
        "http://dl-learner.org/carcinogenesis#d269_17",
        "http://dl-learner.org/carcinogenesis#d297_176",
        "http://dl-learner.org/carcinogenesis#bond8844"
      ],
      "negative_examples": [
        "http://dl-learner.org/carcinogenesis#d51_14",
        "http://dl-learner.org/carcinogenesis#d256_12",
        "http://dl-learner.org/carcinogenesis#amino-3218",
        "http://dl-learner.org/carcinogenesis#bond9284",
        "http://dl-learner.org/carcinogenesis#bond4782",
        "http://dl-learner.org/carcinogenesis#ester-573",
        "http://dl-learner.org/carcinogenesis#d62_26",
        "http://dl-learner.org/carcinogenesis#d270_12",
        "http://dl-learner.org/carcinogenesis#bond8928",
        "http://dl-learner.org/carcinogenesis#d297_66",
        "http://dl-learner.org/carcinogenesis#d186a_73",
        "http://dl-learner.org/carcinogenesis#bond2815",
        "http://dl-learner.org/carcinogenesis#d76_4",
        "http://dl-learner.org/carcinogenesis#d186a_18",
        "http://dl-learner.org/carcinogenesis#d135_61"
      ]
    },
    "RandomUnknown_12": {
      "positive_examples": [
        "http://dl-learner.org/carcinogenesis#d140_24",
        "http://dl-learner.org/carcinogenesis#alkyl_halide-218",
        "http://dl-learner.org/carcinogenesis#bond7052",
        "http://dl-learner.org/carcinogenesis#bond3684",
        "http://dl-learner.org/carcinogenesis#bond1109",
        "http://dl-learner.org/carcinogenesis#d179_8",
        "http://dl-learner.org/carcinogenesis#six_ring-283",
        "http://dl-learner.org/carcinogenesis#bond6500",
        "http://dl-learner.org/carcinogenesis#bond3964",
        "http://dl-learner.org/carcinogenesis#d147_80",
        "http://dl-learner.org/carcinogenesis#bond8607",
        "http://dl-learner.org/carcinogenesis#d184_7",
        "http://dl-learner.org/carcinogenesis#bond8621",
        "http://dl-learner.org/carcinogenesis#d201_9",
        "http://dl-learner.org/carcinogenesis#bond4569"
      ],
      "negative_examples": [
        "http://dl-learner.org/carcinogenesis#bond2321",
        "http://dl-learner.org/carcinogenesis#d54_20",
        "http://dl-learner.org/carcinogenesis#bond3636",
        "http://dl-learner.org/carcinogenesis#bond3675",
        "http://dl-learner.org/carcinogenesis#d271_31",
        "http://dl-learner.org/carcinogenesis#bond7381",
        "http://dl-learner.org/carcinogenesis#bond7262",
        "http://dl-learner.org/carcinogenesis#d76_23",
        "http://dl-learner.org/carcinogenesis#d335_16",
        "http://dl-learner.org/carcinogenesis#bond4375",
        "http://dl-learner.org/carcinogenesis#ether-1867",
        "http://dl-learner.org/carcinogenesis#amino-3189",
        "http://dl-learner.org/carcinogenesis#d101_4",
        "http://dl-learner.org/carcinogenesis#d78_37",
        "http://dl-learner.org/carcinogenesis#bond2465"
      ]
    },
    "RandomUnknown_13": {
      "positive_examples": [
        "http://dl-learner.org/carcinogenesis#d186a_106",
        "http://dl-learner.org/carcinogenesis#d212",
        "http://dl-learner.org/carcinogenesis#d322_4",
        "http://dl-learner.org/carcinogenesis#ketone-2374",
        "http://dl-learner.org/carcinogenesis#d225a_23",
        "http://dl-learner.org/carcinogenesis#bond288",
        "http://dl-learner.org/carcinogenesis#d144_37",
        "http://dl-learner.org/carcinogenesis#bond4098",
        "http://dl-learner.org/carcinogenesis#d324_16",
        "http://dl-learner.org/carcinogenesis#bond6820",
        "http://dl-learner.org/carcinogenesis#bond9201",
        "http://dl-learner.org/carcinogenesis#bond3788",
        "http://dl-learner.org/carcinogenesis#d289_7",
        "http://dl-learner.org/carcinogenesis#d138_13",
        "http://dl-learner.org/carcinogenesis#d135_36"
      ],
      "negative_examples": [
        "http://dl-learner.org/carcinogenesis#methyl-1291",
        "http://dl-learner.org/carcinogenesis#ketone-1974",
        "http://dl-learner.org/carcinogenesis#d23_1_13",
        "http://dl-learner.org/carcinogenesis#bond1859",
        "http://dl-learner.org/carcinogenesis#d113_33",
        "http://dl-learner.org/carcinogenesis#bond5495",
        "http://dl-learner.org/carcinogenesis#bond4772",
        "http://dl-learner.org/carcinogenesis#bond871",
        "http://dl-learner.org/carcinogenesis#ester-1142",
        "http://dl-learner.org/carcinogenesis#d155_41",
        "http://dl-learner.org/carcinogenesis#bond3015",
        "http://dl-learner.org/carcinogenesis#d84a_23",
        "http://dl-learner.org/carcinogenesis#d246_25",
        "http://dl-learner.org/carcinogenesis#d78_37",
        "http://dl-learner.org/carcinogenesis#bond7713"
      ]
    },
    "RandomUnknown_14": {
      "positive_examples": [
        "http://dl-learner.org/carcinogenesis#bond2725",
        "http://dl-learner.org/carcinogenesis#alcohol-1070",
        "http://dl-learner.org/carcinogenesis#bond2547",
        "http://dl-learner.org/carcinogenesis#bond1245",
        "http://dl-learner.org/carcinogenesis#d140_25",
        "http://dl-learner.org/carcinogenesis#non_ar_6c_ring-2769",
        "http://dl-learner.org/carcinogenesis#bond4476",
        "http://dl-learner.org/carcinogenesis#d147_25",
        "http://dl-learner.org/carcinogenesis#bond1506",
        "http://dl-learner.org/carcinogenesis#d200_9",
        "http://dl-learner.org/carcinogenesis#bond3772",
        "http://dl-learner.org/carcinogenesis#bond2411",
        "http://dl-learner.org/carcinogenesis#d323_7",
        "http://dl-learner.org/carcinogenesis#d31a_3",
        "http://dl-learner.org/carcinogenesis#bond5676"
      ],
      "negative_examples": [
        "http://dl-learner.org/carcinogenesis#methyl-1762",
        "http://dl-learner.org/carcinogenesis#bond6958",
        "http://dl-learner.org/carcinogenesis#bond6151",
        "http://dl-learner.org/carcinogenesis#bond4912",
        "http://dl-learner.org/carcinogenesis#bond3688",
        "http://dl-learner.org/carcinogenesis#d86b_13",
        "http://dl-learner.org/carcinogenesis#d70_17",
        "http://dl-learner.org/carcinogenesis#d202_14",
        "http://dl-learner.org/carcinogenesis#d170_15",
        "http://dl-learner.org/carcinogenesis#bond986",
        "http://dl-learner.org/carcinogenesis#methoxy-1757",
        "http://dl-learner.org/carcinogenesis#d3_4",
        "http://dl-learner.org/carcinogenesis#nitro-2126",
        "http://dl-learner.org/carcinogenesis#bond3083",
        "http://dl-learner.org/carcinogenesis#bond242"
      ]
    },
    "RandomUnknown_15": {
      "positive_examples": [
        "http://dl-learner.org/carcinogenesis#bond401",
        "http://dl-learner.org/carcinogenesis#d129_7",
        "http://dl-learner.org/carcinogenesis#d173_9",
        "http://dl-learner.org/carcinogenesis#d260_3",
        "http://dl-learner.org/carcinogenesis#amine-2534",
        "http://dl-learner.org/carcinogenesis#d11_10",
        "http://dl-learner.org/carcinogenesis#d23_2_25",
        "http://dl-learner.org/carcinogenesis#d138_6",
        "http://dl-learner.org/carcinogenesis#d329_17",
        "http://dl-learner.org/carcinogenesis#bond9246",
        "http://dl-learner.org/carcinogenesis#alcohol-2134",
        "http://dl-learner.org/carcinogenesis#d118_19",
        "http://dl-learner.org/carcinogenesis#d124_20",
        "http://dl-learner.org/carcinogenesis#d187_1",
        "http://dl-learner.org/carcinogenesis#bond263"
      ],
      "negative_examples": [
        "http://dl-learner.org/carcinogenesis#bond7039",
        "http://dl-learner.org/carcinogenesis#d86",
        "http://dl-learner.org/carcinogenesis#bond7243",
        "http://dl-learner.org/carcinogenesis#bond1920",
        "http://dl-learner.org/carcinogenesis#d79_13",
        "http://dl-learner.org/carcinogenesis#bond135",
        "http://dl-learner.org/carcinogenesis#d330_40",
        "http://dl-learner.org/carcinogenesis#bond2098",
        "http://dl-learner.org/carcinogenesis#non_ar_6c_ring-950",
        "http://dl-learner.org/carcinogenesis#bond4744",
        "http://dl-learner.org/carcinogenesis#d297_26",
        "http://dl-learner.org/carcinogenesis#halide10-3663",
        "http://dl-learner.org/carcinogenesis#ar_halide-1605",
        "http://dl-learner.org/carcinogenesis#bond6386",
        "http://dl-learner.org/carcinogenesis#d157_31"
      ]
    },
    "RandomUnknown_16": {
      "positive_examples": [
        "http://dl-learner.org/carcinogenesis#six_ring-346",
        "http://dl-learner.org/carcinogenesis#bond604",
        "http://dl-learner.org/carcinogenesis#bond8314",
        "http://dl-learner.org/carcinogenesis#amine-1334",
        "http://dl-learner.org/carcinogenesis#bond6363",
        "http://dl-learner.org/carcinogenesis#bond5842",
        "http://dl-learner.org/carcinogenesis#d84b_32",
        "http://dl-learner.org/carcinogenesis#bond690",
        "http://dl-learner.org/carcinogenesis#d40_29",
        "http://dl-learner.org/carcinogenesis#bond6750",
        "http://dl-learner.org/carcinogenesis#d153_20",
        "http://dl-learner.org/carcinogenesis#bond5955",
        "http://dl-learner.org/carcinogenesis#bond8541",
        "http://dl-learner.org/carcinogenesis#bond3508",
        "http://dl-learner.org/carcinogenesis#bond8795"
      ],
      "negative_examples": [
        "http://dl-learner.org/carcinogenesis#bond9280",
        "http://dl-learner.org/carcinogenesis#d144_44",
        "http://dl-learner.org/carcinogenesis#d304b_10",
        "http://dl-learner.org/carcinogenesis#bond4609",
        "http://dl-learner.org/carcinogenesis#d186a_17",
        "http://dl-learner.org/carcinogenesis#methyl-1406",
        "http://dl-learner.org/carcinogenesis#bond7939",
        "http://dl-learner.org/carcinogenesis#amino-3182",
        "http://dl-learner.org/carcinogenesis#d225b_19",
        "http://dl-learner.org/carcinogenesis#d11_1",
        "http://dl-learner.org/carcinogenesis#bond5257",
        "http://dl-learner.org/carcinogenesis#bond1749",
        "http://dl-learner.org/carcinogenesis#bond7175",
        "http://dl-learner.org/carcinogenesis#bond4375",
        "http://dl-learner.org/carcinogenesis#bond6061"
      ]
    },
    "RandomUnknown_17": {
      "positive_examples": [
        "http://dl-learner.org/carcinogenesis#methyl-2443",
        "http://dl-learner.org/carcinogenesis#d96_19",
        "http://dl-learner.org/carcinogenesis#bond7715",
        "http://dl-learner.org/carcinogenesis#d209_7",
        "http://dl-learner.org/carcinogenesis#bond7397",
        "http://dl-learner.org/carcinogenesis#bond3279",
        "http://dl-learner.org/carcinogenesis#di66-3483",
        "http://dl-learner.org/carcinogenesis#six_ring-1112",
        "http://dl-learner.org/carcinogenesis#d225b_18",
        "http://dl-learner.org/carcinogenesis#d331_7",
        "http://dl-learner.org/carcinogenesis#bond265",
        "http://dl-learner.org/carcinogenesis#bond6100",
        "http://dl-learner.org/carcinogenesis#d220b_4",
        "http://dl-learner.org/carcinogenesis#d329_1",
        "http://dl-learner.org/carcinogenesis#bond4368"
      ],
      "negative_examples": [
        "http://dl-learner.org/carcinogenesis#d328a_14",
        "http://dl-learner.org/carcinogenesis#bond7564",
        "http://dl-learner.org/carcinogenesis#bond4795",
        "http://dl-learner.org/carcinogenesis#bond5163",
        "http://dl-learner.org/carcinogenesis#bond8681",
        "http://dl-learner.org/carcinogenesis#bond7558",
        "http://dl-learner.org/carcinogenesis#bond5802",
        "http://dl-learner.org/carcinogenesis#bond1198",
        "http://dl-learner.org/carcinogenesis#d76_15",
        "http://dl-learner.org/carcinogenesis#d40_22",
        "http://dl-learner.org/carcinogenesis#d76_20",
        "http://dl-learner.org/carcinogenesis#six_ring-441",
        "http://dl-learner.org/carcinogenesis#d282_9",
        "http://dl-learner.org/carcinogenesis#methanol-3801",
        "http://dl-learner.org/carcinogenesis#d107d_10"
      ]
    },
    "RandomUnknown_18": {
      "positive_examples": [
        "http://dl-learner.org/carcinogenesis#bond8326",
        "http://dl-learner.org/carcinogenesis#bond88",
        "http://dl-learner.org/carcinogenesis#d124_26",
        "http://dl-learner.org/carcinogenesis#d71_17",
        "http://dl-learner.org/carcinogenesis#bond841",
        "http://dl-learner.org/carcinogenesis#d8_5",
        "http://dl-learner.org/carcinogenesis#bond8976",
        "http://dl-learner.org/carcinogenesis#d33_6",
        "http://dl-learner.org/carcinogenesis#d16_10",
        "http://dl-learner.org/carcinogenesis#d100_23",
        "http://dl-learner.org/carcinogenesis#d186a_34",
        "http://dl-learner.org/carcinogenesis#bond4610",
        "http://dl-learner.org/carcinogenesis#d85_1_22",
        "http://dl-learner.org/carcinogenesis#bond5913",
        "http://dl-learner.org/carcinogenesis#d19_10"
      ],
      "negative_examples": [
        "http://dl-learner.org/carcinogenesis#d301_1",
        "http://dl-learner.org/carcinogenesis#bond483",
        "http://dl-learner.org/carcinogenesis#bond3616",
        "http://dl-learner.org/carcinogenesis#bond2543",
        "http://dl-learner.org/carcinogenesis#halide10-3590",
        "http://dl-learner.org/carcinogenesis#bond5733",
        "http://dl-learner.org/carcinogenesis#ar_halide-314",
        "http://dl-learner.org/carcinogenesis#d146",
        "http://dl-learner.org/carcinogenesis#bond7792",
        "http://dl-learner.org/carcinogenesis#d200_9",
        "http://dl-learner.org/carcinogenesis#d208_2_24",
        "http://dl-learner.org/carcinogenesis#bond5967",
        "http://dl-learner.org/carcinogenesis#d163_18",
        "http://dl-learner.org/carcinogenesis#d108_6",
        "http://dl-learner.org/carcinogenesis#bond6424"
      ]
    },
    "RandomUnknown_19": {
      "positive_examples": [
        "http://dl-learner.org/carcinogenesis#bond8165",
        "http://dl-learner.org/carcinogenesis#d126_10",
        "http://dl-learner.org/carcinogenesis#d92_2",
        "http://dl-learner.org/carcinogenesis#bond1024",
        "http://dl-learner.org/carcinogenesis#bond6965",
        "http://dl-learner.org/carcinogenesis#d122_7",
        "http://dl-learner.org/carcinogenesis#d9_13",
        "http://dl-learner.org/carcinogenesis#bond916",
        "http://dl-learner.org/carcinogenesis#six_ring-2255",
        "http://dl-learner.org/carcinogenesis#d23_2_25",
        "http://dl-learner.org/carcinogenesis#d18_9",
        "http://dl-learner.org/carcinogenesis#methyl-2142",
        "http://dl-learner.org/carcinogenesis#non_ar_6c_ring-2177",
        "http://dl-learner.org/carcinogenesis#bond7945",
        "http://dl-learner.org/carcinogenesis#d213_5"
      ],
      "negative_examples": [
        "http://dl-learner.org/carcinogenesis#d177_32",
        "http://dl-learner.org/carcinogenesis#bond1212",
        "http://dl-learner.org/carcinogenesis#d318_3",
        "http://dl-learner.org/carcinogenesis#bond4278",
        "http://dl-learner.org/carcinogenesis#bond4863",
        "http://dl-learner.org/carcinogenesis#d238_5",
        "http://dl-learner.org/carcinogenesis#six_ring-635",
        "http://dl-learner.org/carcinogenesis#alcohol-928",
        "http://dl-learner.org/carcinogenesis#bond8563",
        "http://dl-learner.org/carcinogenesis#bond7095",
        "http://dl-learner.org/carcinogenesis#bond7534",
        "http://dl-learner.org/carcinogenesis#d175_17",
        "http://dl-learner.org/carcinogenesis#d87_2",
        "http://dl-learner.org/carcinogenesis#bond3126",
        "http://dl-learner.org/carcinogenesis#bond1553"
      ]
    },
    "RandomUnknown_20": {
      "positive_examples": [
        "http://dl-learner.org/carcinogenesis#d208_2_18",
        "http://dl-learner.org/carcinogenesis#d77_12",
        "http://dl-learner.org/carcinogenesis#d146_47",
        "http://dl-learner.org/carcinogenesis#bond5357",
        "http://dl-learner.org/carcinogenesis#d278_24",
        "http://dl-learner.org/carcinogenesis#d76_18",
        "http://dl-learner.org/carcinogenesis#bond392",
        "http://dl-learner.org/carcinogenesis#d217_15",
        "http://dl-learner.org/carcinogenesis#bond5494",
        "http://dl-learner.org/carcinogenesis#bond4649",
        "http://dl-learner.org/carcinogenesis#d23_2_27",
        "http://dl-learner.org/carcinogenesis#d270_39",
        "http://dl-learner.org/carcinogenesis#d8_34",
        "http://dl-learner.org/carcinogenesis#bond7517",
        "http://dl-learner.org/carcinogenesis#bond2703"
      ],
      "negative_examples": [
        "http://dl-learner.org/carcinogenesis#d88_12",
        "http://dl-learner.org/carcinogenesis#bond1919",
        "http://dl-learner.org/carcinogenesis#d325_13",
        "http://dl-learner.org/carcinogenesis#bond2157",
        "http://dl-learner.org/carcinogenesis#d221_7",
        "http://dl-learner.org/carcinogenesis#ether-2056",
        "http://dl-learner.org/carcinogenesis#d225a_26",
        "http://dl-learner.org/carcinogenesis#bond8341",
        "http://dl-learner.org/carcinogenesis#amine-1808",
        "http://dl-learner.org/carcinogenesis#ar_halide-1765",
        "http://dl-learner.org/carcinogenesis#bond6533",
        "http://dl-learner.org/carcinogenesis#d174_11",
        "http://dl-learner.org/carcinogenesis#bond214",
        "http://dl-learner.org/carcinogenesis#bond2982",
        "http://dl-learner.org/carcinogenesis#bond3551"
      ]
    },
    "RandomUnknown_21": {
      "positive_examples": [
        "http://dl-learner.org/carcinogenesis#ether-2180",
        "http://dl-learner.org/carcinogenesis#d165_21",
        "http://dl-learner.org/carcinogenesis#bond3918",
        "http://dl-learner.org/carcinogenesis#bond1960",
        "http://dl-learner.org/carcinogenesis#bond7164",
        "http://dl-learner.org/carcinogenesis#bond7367",
        "http://dl-learner.org/carcinogenesis#bond2828",
        "http://dl-learner.org/carcinogenesis#non_ar_6c_ring-2566",
        "http://dl-learner.org/carcinogenesis#non_ar_6c_ring-307",
        "http://dl-learner.org/carcinogenesis#bond202",
        "http://dl-learner.org/carcinogenesis#bond8233",
        "http://dl-learner.org/carcinogenesis#bond1001",
        "http://dl-learner.org/carcinogenesis#d66_7",
        "http://dl-learner.org/carcinogenesis#d307_1",
        "http://dl-learner.org/carcinogenesis#d292_11"
      ],
      "negative_examples": [
        "http://dl-learner.org/carcinogenesis#d2_23",
        "http://dl-learner.org/carcinogenesis#bond1488",
        "http://dl-learner.org/carcinogenesis#bond5053",
        "http://dl-learner.org/carcinogenesis#d176_17",
        "http://dl-learner.org/carcinogenesis#d173_21",
        "http://dl-learner.org/carcinogenesis#d297_61",
        "http://dl-learner.org/carcinogenesis#d131_7",
        "http://dl-learner.org/carcinogenesis#bond8050",
        "http://dl-learner.org/carcinogenesis#bond8488",
        "http://dl-learner.org/carcinogenesis#non_ar_6c_ring-2328",
        "http://dl-learner.org/carcinogenesis#d192_26",
        "http://dl-learner.org/carcinogenesis#six_ring-9",
        "http://dl-learner.org/carcinogenesis#bond8664",
        "http://dl-learner.org/carcinogenesis#bond6674",
        "http://dl-learner.org/carcinogenesis#di10-3415"
      ]
    },
    "RandomUnknown_22": {
      "positive_examples": [
        "http://dl-learner.org/carcinogenesis#methoxy-1888",
        "http://dl-learner.org/carcinogenesis#d297_3",
        "http://dl-learner.org/carcinogenesis#six_ring-934",
        "http://dl-learner.org/carcinogenesis#bond1811",
        "http://dl-learner.org/carcinogenesis#bond6723",
        "http://dl-learner.org/carcinogenesis#ether-436",
        "http://dl-learner.org/carcinogenesis#d67_18",
        "http://dl-learner.org/carcinogenesis#ether-951",
        "http://dl-learner.org/carcinogenesis#d74_7",
        "http://dl-learner.org/carcinogenesis#bond6457",
        "http://dl-learner.org/carcinogenesis#bond4008",
        "http://dl-learner.org/carcinogenesis#d233_14",
        "http://dl-learner.org/carcinogenesis#d114_10",
        "http://dl-learner.org/carcinogenesis#d167_16",
        "http://dl-learner.org/carcinogenesis#bond5991"
      ],
      "negative_examples": [
        "http://dl-learner.org/carcinogenesis#d22_18",
        "http://dl-learner.org/carcinogenesis#d13_25",
        "http://dl-learner.org/carcinogenesis#bond5866",
        "http://dl-learner.org/carcinogenesis#d70_18",
        "http://dl-learner.org/carcinogenesis#five_ring-1676",
        "http://dl-learner.org/carcinogenesis#bond245",
        "http://dl-learner.org/carcinogenesis#d40_24",
        "http://dl-learner.org/carcinogenesis#bond7126",
        "http://dl-learner.org/carcinogenesis#non_ar_5c_ring-402",
        "http://dl-learner.org/carcinogenesis#d122_6",
        "http://dl-learner.org/carcinogenesis#methyl-1995",
        "http://dl-learner.org/carcinogenesis#six_ring-621",
        "http://dl-learner.org/carcinogenesis#d66_3",
        "http://dl-learner.org/carcinogenesis#d221_6",
        "http://dl-learner.org/carcinogenesis#d164_38"
      ]
    },
    "RandomUnknown_23": {
      "positive_examples": [
        "http://dl-learner.org/carcinogenesis#bond1523",
        "http://dl-learner.org/carcinogenesis#bond655",
        "http://dl-learner.org/carcinogenesis#methyl-431",
        "http://dl-learner.org/carcinogenesis#d46_16",
        "http://dl-learner.org/carcinogenesis#bond7715",
        "http://dl-learner.org/carcinogenesis#methyl-1611",
        "http://dl-learner.org/carcinogenesis#d294_7",
        "http://dl-learner.org/carcinogenesis#d142_11",
        "http://dl-learner.org/carcinogenesis#alkyl_halide-330",
        "http://dl-learner.org/carcinogenesis#d74_22",
        "http://dl-learner.org/carcinogenesis#non_ar_6c_ring-673",
        "http://dl-learner.org/carcinogenesis#d132_4",
        "http://dl-learner.org/carcinogenesis#bond3209",
        "http://dl-learner.org/carcinogenesis#bond7977",
        "http://dl-learner.org/carcinogenesis#amino-3211"
      ],
      "negative_examples": [
        "http://dl-learner.org/carcinogenesis#d155_29",
        "http://dl-learner.org/carcinogenesis#d67_14",
        "http://dl-learner.org/carcinogenesis#d99_1",
        "http://dl-learner.org/carcinogenesis#d221_24",
        "http://dl-learner.org/carcinogenesis#bond5539",
        "http://dl-learner.org/carcinogenesis#d243_16",
        "http://dl-learner.org/carcinogenesis#ether-632",
        "http://dl-learner.org/carcinogenesis#ether-2828",
        "http://dl-learner.org/carcinogenesis#bond5715",
        "http://dl-learner.org/carcinogenesis#d179_17",
        "http://dl-learner.org/carcinogenesis#d297_90",
        "http://dl-learner.org/carcinogenesis#bond790",
        "http://dl-learner.org/carcinogenesis#bond3146",
        "http://dl-learner.org/carcinogenesis#bond6095",
        "http://dl-learner.org/carcinogenesis#d201_15"
      ]
    },
    "RandomUnknown_24": {
      "positive_examples": [
        "http://dl-learner.org/carcinogenesis#bond4542",
        "http://dl-learner.org/carcinogenesis#ether-1033",
        "http://dl-learner.org/carcinogenesis#ester-1294",
        "http://dl-learner.org/carcinogenesis#d117_21",
        "http://dl-learner.org/carcinogenesis#methyl-1965",
        "http://dl-learner.org/carcinogenesis#d173_44",
        "http://dl-learner.org/carcinogenesis#bond2251",
        "http://dl-learner.org/carcinogenesis#methyl-2015",
        "http://dl-learner.org/carcinogenesis#d77_14",
        "http://dl-learner.org/carcinogenesis#six_ring-2201",
        "http://dl-learner.org/carcinogenesis#d23_1_7",
        "http://dl-learner.org/carcinogenesis#bond8835",
        "http://dl-learner.org/carcinogenesis#bond6933",
        "http://dl-learner.org/carcinogenesis#bond4981",
        "http://dl-learner.org/carcinogenesis#bond2395"
      ],
      "negative_examples": [
        "http://dl-learner.org/carcinogenesis#d43_4",
        "http://dl-learner.org/carcinogenesis#d330_41",
        "http://dl-learner.org/carcinogenesis#amine-264",
        "http://dl-learner.org/carcinogenesis#bond8665",
        "http://dl-learner.org/carcinogenesis#ar_halide-1747",
        "http://dl-learner.org/carcinogenesis#bond5538",
        "http://dl-learner.org/carcinogenesis#d113_7",
        "http://dl-learner.org/carcinogenesis#d242_18",
        "http://dl-learner.org/carcinogenesis#d328a_12",
        "http://dl-learner.org/carcinogenesis#non_ar_6c_ring-1281",
        "http://dl-learner.org/carcinogenesis#d267_18",
        "http://dl-learner.org/carcinogenesis#bond3641",
        "http://dl-learner.org/carcinogenesis#bond6800",
        "http://dl-learner.org/carcinogenesis#bond4816",
        "http://dl-learner.org/carcinogenesis#bond4012"
      ]
    },
    "RandomUnknown_25": {
      "positive_examples": [
        "http://dl-learner.org/carcinogenesis#d193_10",
        "http://dl-learner.org/carcinogenesis#bond7186",
        "http://dl-learner.org/carcinogenesis#bond7522",
        "http://dl-learner.org/carcinogenesis#d95_8",
        "http://dl-learner.org/carcinogenesis#d61_9",
        "http://dl-learner.org/carcinogenesis#bond3669",
        "http://dl-learner.org/carcinogenesis#d238_26",
        "http://dl-learner.org/carcinogenesis#bond420",
        "http://dl-learner.org/carcinogenesis#bond3210",
        "http://dl-learner.org/carcinogenesis#bond8283",
        "http://dl-learner.org/carcinogenesis#bond2580",
        "http://dl-learner.org/carcinogenesis#d154_13",
        "http://dl-learner.org/carcinogenesis#d131_18",
        "http://dl-learner.org/carcinogenesis#bond7982",
        "http://dl-learner.org/carcinogenesis#alkyl_halide-3048"
      ],
      "negative_examples": [
        "http://dl-learner.org/carcinogenesis#d97_24",
        "http://dl-learner.org/carcinogenesis#bond2724",
        "http://dl-learner.org/carcinogenesis#d70_19",
        "http://dl-learner.org/carcinogenesis#d85_1_1",
        "http://dl-learner.org/carcinogenesis#bond7671",
        "http://dl-learner.org/carcinogenesis#bond2707",
        "http://dl-learner.org/carcinogenesis#halide10-3578",
        "http://dl-learner.org/carcinogenesis#d47_29",
        "http://dl-learner.org/carcinogenesis#d186a_36",
        "http://dl-learner.org/carcinogenesis#d84b_21",
        "http://dl-learner.org/carcinogenesis#d137_84",
        "http://dl-learner.org/carcinogenesis#d144_8",
        "http://dl-learner.org/carcinogenesis#bond1866",
        "http://dl-learner.org/carcinogenesis#bond6706",
        "http://dl-learner.org/carcinogenesis#bond1141"
      ]
    },
    "RandomUnknown_26": {
      "positive_examples": [
        "http://dl-learner.org/carcinogenesis#bond4490",
        "http://dl-learner.org/carcinogenesis#d257_35",
        "http://dl-learner.org/carcinogenesis#bond8813",
        "http://dl-learner.org/carcinogenesis#bond2236",
        "http://dl-learner.org/carcinogenesis#d269_7",
        "http://dl-learner.org/carcinogenesis#d65_20",
        "http://dl-learner.org/carcinogenesis#d157_33",
        "http://dl-learner.org/carcinogenesis#bond3683",
        "http://dl-learner.org/carcinogenesis#bond9044",
        "http://dl-learner.org/carcinogenesis#bond4628",
        "http://dl-learner.org/carcinogenesis#bond3401",
        "http://dl-learner.org/carcinogenesis#bond1757",
        "http://dl-learner.org/carcinogenesis#d144_66",
        "http://dl-learner.org/carcinogenesis#d34_19",
        "http://dl-learner.org/carcinogenesis#d13_10"
      ],
      "negative_examples": [
        "http://dl-learner.org/carcinogenesis#d167_10",
        "http://dl-learner.org/carcinogenesis#non_ar_6c_ring-910",
        "http://dl-learner.org/carcinogenesis#bond5410",
        "http://dl-learner.org/carcinogenesis#bond4597",
        "http://dl-learner.org/carcinogenesis#nitro-387",
        "http://dl-learner.org/carcinogenesis#d140_9",
        "http://dl-learner.org/carcinogenesis#d140_25",
        "http://dl-learner.org/carcinogenesis#d205_5",
        "http://dl-learner.org/carcinogenesis#bond911",
        "http://dl-learner.org/carcinogenesis#d238_7",
        "http://dl-learner.org/carcinogenesis#d157_26",
        "http://dl-learner.org/carcinogenesis#amine-2764",
        "http://dl-learner.org/carcinogenesis#d182_25",
        "http://dl-learner.org/carcinogenesis#methoxy-3693",
        "http://dl-learner.org/carcinogenesis#amino-3211"
      ]
    },
    "RandomUnknown_27": {
      "positive_examples": [
        "http://dl-learner.org/carcinogenesis#bond4542",
        "http://dl-learner.org/carcinogenesis#bond2756",
        "http://dl-learner.org/carcinogenesis#d147_79",
        "http://dl-learner.org/carcinogenesis#d265_15",
        "http://dl-learner.org/carcinogenesis#bond2039",
        "http://dl-learner.org/carcinogenesis#alkyl_halide-36",
        "http://dl-learner.org/carcinogenesis#d326_9",
        "http://dl-learner.org/carcinogenesis#d299_1",
        "http://dl-learner.org/carcinogenesis#bond4767",
        "http://dl-learner.org/carcinogenesis#bond7870",
        "http://dl-learner.org/carcinogenesis#bond4574",
        "http://dl-learner.org/carcinogenesis#d188d_14",
        "http://dl-learner.org/carcinogenesis#ar_halide-361",
        "http://dl-learner.org/carcinogenesis#amine-2585",
        "http://dl-learner.org/carcinogenesis#nitro-1197"
      ],
      "negative_examples": [
        "http://dl-learner.org/carcinogenesis#d298_40",
        "http://dl-learner.org/carcinogenesis#d8_28",
        "http://dl-learner.org/carcinogenesis#methyl-1131",
        "http://dl-learner.org/carcinogenesis#d329_29",
        "http://dl-learner.org/carcinogenesis#bond4641",
        "http://dl-learner.org/carcinogenesis#methoxy-1657",
        "http://dl-learner.org/carcinogenesis#bond6208",
        "http://dl-learner.org/carcinogenesis#d58_13",
        "http://dl-learner.org/carcinogenesis#d131_7",
        "http://dl-learner.org/carcinogenesis#six_ring-2146",
        "http://dl-learner.org/carcinogenesis#bond5941",
        "http://dl-learner.org/carcinogenesis#d117",
        "http://dl-learner.org/carcinogenesis#d208_2_9",
        "http://dl-learner.org/carcinogenesis#di227-3735",
        "http://dl-learner.org/carcinogenesis#d37_31"
      ]
    },
    "RandomUnknown_28": {
      "positive_examples": [
        "http://dl-learner.org/carcinogenesis#methyl-1771",
        "http://dl-learner.org/carcinogenesis#bond70",
        "http://dl-learner.org/carcinogenesis#d298_16",
        "http://dl-learner.org/carcinogenesis#amine-2577",
        "http://dl-learner.org/carcinogenesis#d47_31",
        "http://dl-learner.org/carcinogenesis#d208_2_15",
        "http://dl-learner.org/carcinogenesis#di10-3244",
        "http://dl-learner.org/carcinogenesis#d111_16",
        "http://dl-learner.org/carcinogenesis#d186a_41",
        "http://dl-learner.org/carcinogenesis#bond2829",
        "http://dl-learner.org/carcinogenesis#bond9069",
        "http://dl-learner.org/carcinogenesis#d61_23",
        "http://dl-learner.org/carcinogenesis#bond2411",
        "http://dl-learner.org/carcinogenesis#bond1251",
        "http://dl-learner.org/carcinogenesis#alkyl_halide-92"
      ],
      "negative_examples": [
        "http://dl-learner.org/carcinogenesis#d296_6",
        "http://dl-learner.org/carcinogenesis#bond2843",
        "http://dl-learner.org/carcinogenesis#ar_halide-2615",
        "http://dl-learner.org/carcinogenesis#bond2269",
        "http://dl-learner.org/carcinogenesis#bond3129",
        "http://dl-learner.org/carcinogenesis#d85_2_18",
        "http://dl-learner.org/carcinogenesis#d210_18",
        "http://dl-learner.org/carcinogenesis#d308_11",
        "http://dl-learner.org/carcinogenesis#bond4332",
        "http://dl-learner.org/carcinogenesis#d157_33",
        "http://dl-learner.org/carcinogenesis#bond1720",
        "http://dl-learner.org/carcinogenesis#amine-2815",
        "http://dl-learner.org/carcinogenesis#methyl-1250",
        "http://dl-learner.org/carcinogenesis#bond5789",
        "http://dl-learner.org/carcinogenesis#bond4407"
      ]
    },
    "RandomUnknown_29": {
      "positive_examples": [
        "http://dl-learner.org/carcinogenesis#bond8892",
        "http://dl-learner.org/carcinogenesis#bond8760",
        "http://dl-learner.org/carcinogenesis#bond7385",
        "http://dl-learner.org/carcinogenesis#bond8942",
        "http://dl-learner.org/carcinogenesis#bond5197",
        "http://dl-learner.org/carcinogenesis#bond7737",
        "http://dl-learner.org/carcinogenesis#d112_16",
        "http://dl-learner.org/carcinogenesis#d145_10",
        "http://dl-learner.org/carcinogenesis#bond8529",
        "http://dl-learner.org/carcinogenesis#bond2750",
        "http://dl-learner.org/carcinogenesis#bond1054",
        "http://dl-learner.org/carcinogenesis#d298_27",
        "http://dl-learner.org/carcinogenesis#d118_19",
        "http://dl-learner.org/carcinogenesis#d212_35",
        "http://dl-learner.org/carcinogenesis#d8_26"
      ],
      "negative_examples": [
        "http://dl-learner.org/carcinogenesis#bond424",
        "http://dl-learner.org/carcinogenesis#bond1462",
        "http://dl-learner.org/carcinogenesis#ar_halide-420",
        "http://dl-learner.org/carcinogenesis#bond811",
        "http://dl-learner.org/carcinogenesis#bond2370",
        "http://dl-learner.org/carcinogenesis#bond8964",
        "http://dl-learner.org/carcinogenesis#d257_26",
        "http://dl-learner.org/carcinogenesis#alkyl_halide-223",
        "http://dl-learner.org/carcinogenesis#bond5712",
        "http://dl-learner.org/carcinogenesis#d332",
        "http://dl-learner.org/carcinogenesis#d208_2_53",
        "http://dl-learner.org/carcinogenesis#d59_10",
        "http://dl-learner.org/carcinogenesis#d78_37",
        "http://dl-learner.org/carcinogenesis#methyl-277",
        "http://dl-learner.org/carcinogenesis#bond2776"
      ]
    },
    "RandomUnknown_30": {
      "positive_examples": [
        "http://dl-learner.org/carcinogenesis#d249_6",
        "http://dl-learner.org/carcinogenesis#ether-2138",
        "http://dl-learner.org/carcinogenesis#d251_9",
        "http://dl-learner.org/carcinogenesis#d48_6",
        "http://dl-learner.org/carcinogenesis#bond3128",
        "http://dl-learner.org/carcinogenesis#bond3487",
        "http://dl-learner.org/carcinogenesis#bond9185",
        "http://dl-learner.org/carcinogenesis#d208_2_50",
        "http://dl-learner.org/carcinogenesis#d182_23",
        "http://dl-learner.org/carcinogenesis#bond1052",
        "http://dl-learner.org/carcinogenesis#bond3485",
        "http://dl-learner.org/carcinogenesis#d125_5",
        "http://dl-learner.org/carcinogenesis#non_ar_6c_ring-557",
        "http://dl-learner.org/carcinogenesis#bond1277",
        "http://dl-learner.org/carcinogenesis#d109_9"
      ],
      "negative_examples": [
        "http://dl-learner.org/carcinogenesis#bond382",
        "http://dl-learner.org/carcinogenesis#d114_9",
        "http://dl-learner.org/carcinogenesis#bond4589",
        "http://dl-learner.org/carcinogenesis#d172_35",
        "http://dl-learner.org/carcinogenesis#d199_21",
        "http://dl-learner.org/carcinogenesis#bond7542",
        "http://dl-learner.org/carcinogenesis#d277_10",
        "http://dl-learner.org/carcinogenesis#bond1652",
        "http://dl-learner.org/carcinogenesis#ar_halide-1507",
        "http://dl-learner.org/carcinogenesis#d207_14",
        "http://dl-learner.org/carcinogenesis#bond4333",
        "http://dl-learner.org/carcinogenesis#ether-1390",
        "http://dl-learner.org/carcinogenesis#d185_7",
        "http://dl-learner.org/carcinogenesis#bond2893",
        "http://dl-learner.org/carcinogenesis#bond7825"
      ]
    },
    "RandomUnknown_31": {
      "positive_examples": [
        "http://dl-learner.org/carcinogenesis#d124_25",
        "http://dl-learner.org/carcinogenesis#bond3266",
        "http://dl-learner.org/carcinogenesis#d113_28",
        "http://dl-learner.org/carcinogenesis#phenol-799",
        "http://dl-learner.org/carcinogenesis#d78_38",
        "http://dl-learner.org/carcinogenesis#bond3438",
        "http://dl-learner.org/carcinogenesis#bond933",
        "http://dl-learner.org/carcinogenesis#bond9027",
        "http://dl-learner.org/carcinogenesis#bond3026",
        "http://dl-learner.org/carcinogenesis#bond7772",
        "http://dl-learner.org/carcinogenesis#bond2270",
        "http://dl-learner.org/carcinogenesis#d215",
        "http://dl-learner.org/carcinogenesis#bond512",
        "http://dl-learner.org/carcinogenesis#non_ar_5c_ring-298",
        "http://dl-learner.org/carcinogenesis#bond5350"
      ],
      "negative_examples": [
        "http://dl-learner.org/carcinogenesis#bond1909",
        "http://dl-learner.org/carcinogenesis#six_ring-2684",
        "http://dl-learner.org/carcinogenesis#d97_16",
        "http://dl-learner.org/carcinogenesis#non_ar_6c_ring-2762",
        "http://dl-learner.org/carcinogenesis#d153_24",
        "http://dl-learner.org/carcinogenesis#bond9173",
        "http://dl-learner.org/carcinogenesis#bond5295",
        "http://dl-learner.org/carcinogenesis#bond3592",
        "http://dl-learner.org/carcinogenesis#bond9193",
        "http://dl-learner.org/carcinogenesis#bond3280",
        "http://dl-learner.org/carcinogenesis#five_ring-2883",
        "http://dl-learner.org/carcinogenesis#bond1487",
        "http://dl-learner.org/carcinogenesis#d327_26",
        "http://dl-learner.org/carcinogenesis#sulfide-2311",
        "http://dl-learner.org/carcinogenesis#d297_202"
      ]
    },
    "RandomUnknown_32": {
      "positive_examples": [
        "http://dl-learner.org/carcinogenesis#d107c_23",
        "http://dl-learner.org/carcinogenesis#d147_48",
        "http://dl-learner.org/carcinogenesis#d320_9",
        "http://dl-learner.org/carcinogenesis#bond1213",
        "http://dl-learner.org/carcinogenesis#bond7428",
        "http://dl-learner.org/carcinogenesis#bond5661",
        "http://dl-learner.org/carcinogenesis#d318_21",
        "http://dl-learner.org/carcinogenesis#d168_19",
        "http://dl-learner.org/carcinogenesis#non_ar_hetero_5_ring-1161",
        "http://dl-learner.org/carcinogenesis#bond6931",
        "http://dl-learner.org/carcinogenesis#bond3229",
        "http://dl-learner.org/carcinogenesis#bond469",
        "http://dl-learner.org/carcinogenesis#bond7844",
        "http://dl-learner.org/carcinogenesis#d201_9",
        "http://dl-learner.org/carcinogenesis#d52_20"
      ],
      "negative_examples": [
        "http://dl-learner.org/carcinogenesis#six_ring-984",
        "http://dl-learner.org/carcinogenesis#d263_8",
        "http://dl-learner.org/carcinogenesis#bond3475",
        "http://dl-learner.org/carcinogenesis#bond8953",
        "http://dl-learner.org/carcinogenesis#d183_49",
        "http://dl-learner.org/carcinogenesis#d49_10",
        "http://dl-learner.org/carcinogenesis#bond5504",
        "http://dl-learner.org/carcinogenesis#bond1167",
        "http://dl-learner.org/carcinogenesis#d76_15",
        "http://dl-learner.org/carcinogenesis#bond8496",
        "http://dl-learner.org/carcinogenesis#six_ring-990",
        "http://dl-learner.org/carcinogenesis#d192_4",
        "http://dl-learner.org/carcinogenesis#non_ar_6c_ring-1187",
        "http://dl-learner.org/carcinogenesis#six_ring-775",
        "http://dl-learner.org/carcinogenesis#bond1139"
      ]
    },
    "RandomUnknown_33": {
      "positive_examples": [
        "http://dl-learner.org/carcinogenesis#ester-1749",
        "http://dl-learner.org/carcinogenesis#bond861",
        "http://dl-learner.org/carcinogenesis#bond3613",
        "http://dl-learner.org/carcinogenesis#bond4319",
        "http://dl-learner.org/carcinogenesis#d66_20",
        "http://dl-learner.org/carcinogenesis#d41_29",
        "http://dl-learner.org/carcinogenesis#bond1454",
        "http://dl-learner.org/carcinogenesis#d187_22",
        "http://dl-learner.org/carcinogenesis#bond3506",
        "http://dl-learner.org/carcinogenesis#d85_2_16",
        "http://dl-learner.org/carcinogenesis#alkyl_halide-1522",
        "http://dl-learner.org/carcinogenesis#bond6763",
        "http://dl-learner.org/carcinogenesis#bond8759",
        "http://dl-learner.org/carcinogenesis#d223_7",
        "http://dl-learner.org/carcinogenesis#d21_10"
      ],
      "negative_examples": [
        "http://dl-learner.org/carcinogenesis#d74_18",
        "http://dl-learner.org/carcinogenesis#d162_18",
        "http://dl-learner.org/carcinogenesis#bond6142",
        "http://dl-learner.org/carcinogenesis#bond7588",
        "http://dl-learner.org/carcinogenesis#bond4396",
        "http://dl-learner.org/carcinogenesis#bond2053",
        "http://dl-learner.org/carcinogenesis#bond4235",
        "http://dl-learner.org/carcinogenesis#ar_halide-164",
        "http://dl-learner.org/carcinogenesis#d225b_12",
        "http://dl-learner.org/carcinogenesis#bond8442",
        "http://dl-learner.org/carcinogenesis#alkyl_halide-1452",
        "http://dl-learner.org/carcinogenesis#six_ring-2631",
        "http://dl-learner.org/carcinogenesis#d131_16",
        "http://dl-learner.org/carcinogenesis#bond4648",
        "http://dl-learner.org/carcinogenesis#bond6571"
      ]
    },
    "RandomUnknown_34": {
      "positive_examples": [
        "http://dl-learner.org/carcinogenesis#bond1764",
        "http://dl-learner.org/carcinogenesis#bond7909",
        "http://dl-learner.org/carcinogenesis#bond6405",
        "http://dl-learner.org/carcinogenesis#d148_4",
        "http://dl-learner.org/carcinogenesis#d297_113",
        "http://dl-learner.org/carcinogenesis#d265_2",
        "http://dl-learner.org/carcinogenesis#methyl-1611",
        "http://dl-learner.org/carcinogenesis#bond2980",
        "http://dl-learner.org/carcinogenesis#bond380",
        "http://dl-learner.org/carcinogenesis#ether-1498",
        "http://dl-learner.org/carcinogenesis#bond4262",
        "http://dl-learner.org/carcinogenesis#nitro-3828",
        "http://dl-learner.org/carcinogenesis#bond8470",
        "http://dl-learner.org/carcinogenesis#bond1197",
        "http://dl-learner.org/carcinogenesis#d188b_18"
      ],
      "negative_examples": [
        "http://dl-learner.org/carcinogenesis#d26_21",
        "http://dl-learner.org/carcinogenesis#bond6975",
        "http://dl-learner.org/carcinogenesis#bond9032",
        "http://dl-learner.org/carcinogenesis#non_ar_6c_ring-411",
        "http://dl-learner.org/carcinogenesis#bond301",
        "http://dl-learner.org/carcinogenesis#bond6004",
        "http://dl-learner.org/carcinogenesis#d225b_32",
        "http://dl-learner.org/carcinogenesis#bond187",
        "http://dl-learner.org/carcinogenesis#d97_20",
        "http://dl-learner.org/carcinogenesis#bond4545",
        "http://dl-learner.org/carcinogenesis#bond7320",
        "http://dl-learner.org/carcinogenesis#bond3659",
        "http://dl-learner.org/carcinogenesis#d17_19",
        "http://dl-learner.org/carcinogenesis#d277_3",
        "http://dl-learner.org/carcinogenesis#bond8587"
      ]
    },
    "RandomUnknown_35": {
      "positive_examples": [
        "http://dl-learner.org/carcinogenesis#bond2235",
        "http://dl-learner.org/carcinogenesis#bond3871",
        "http://dl-learner.org/carcinogenesis#d231_85",
        "http://dl-learner.org/carcinogenesis#bond5707",
        "http://dl-learner.org/carcinogenesis#bond4850",
        "http://dl-learner.org/carcinogenesis#d155_15",
        "http://dl-learner.org/carcinogenesis#d53_17",
        "http://dl-learner.org/carcinogenesis#bond3243",
        "http://dl-learner.org/carcinogenesis#d226_7",
        "http://dl-learner.org/carcinogenesis#d242_22",
        "http://dl-learner.org/carcinogenesis#bond5345",
        "http://dl-learner.org/carcinogenesis#bond4171",
        "http://dl-learner.org/carcinogenesis#d297_209",
        "http://dl-learner.org/carcinogenesis#bond2192",
        "http://dl-learner.org/carcinogenesis#bond3240"
      ],
      "negative_examples": [
        "http://dl-learner.org/carcinogenesis#d207_8",
        "http://dl-learner.org/carcinogenesis#bond5966",
        "http://dl-learner.org/carcinogenesis#d297_114",
        "http://dl-learner.org/carcinogenesis#bond8427",
        "http://dl-learner.org/carcinogenesis#d103_5",
        "http://dl-learner.org/carcinogenesis#d337_10",
        "http://dl-learner.org/carcinogenesis#d119_15",
        "http://dl-learner.org/carcinogenesis#bond9226",
        "http://dl-learner.org/carcinogenesis#d70_6",
        "http://dl-learner.org/carcinogenesis#d246_50",
        "http://dl-learner.org/carcinogenesis#d199_6",
        "http://dl-learner.org/carcinogenesis#bond8889",
        "http://dl-learner.org/carcinogenesis#d100_4",
        "http://dl-learner.org/carcinogenesis#bond4564",
        "http://dl-learner.org/carcinogenesis#d35_12"
      ]
    },
    "RandomUnknown_36": {
      "positive_examples": [
        "http://dl-learner.org/carcinogenesis#bond5424",
        "http://dl-learner.org/carcinogenesis#bond714",
        "http://dl-learner.org/carcinogenesis#d196_3",
        "http://dl-learner.org/carcinogenesis#d88_1",
        "http://dl-learner.org/carcinogenesis#bond5983",
        "http://dl-learner.org/carcinogenesis#d41_1",
        "http://dl-learner.org/carcinogenesis#d299_6",
        "http://dl-learner.org/carcinogenesis#bond4204",
        "http://dl-learner.org/carcinogenesis#ketone-828",
        "http://dl-learner.org/carcinogenesis#d121_13",
        "http://dl-learner.org/carcinogenesis#bond7538",
        "http://dl-learner.org/carcinogenesis#bond578",
        "http://dl-learner.org/carcinogenesis#d154_24",
        "http://dl-learner.org/carcinogenesis#d159_28",
        "http://dl-learner.org/carcinogenesis#d147_27"
      ],
      "negative_examples": [
        "http://dl-learner.org/carcinogenesis#ar_halide-63",
        "http://dl-learner.org/carcinogenesis#bond3275",
        "http://dl-learner.org/carcinogenesis#bond894",
        "http://dl-learner.org/carcinogenesis#d159_35",
        "http://dl-learner.org/carcinogenesis#d313_9",
        "http://dl-learner.org/carcinogenesis#bond7425",
        "http://dl-learner.org/carcinogenesis#bond4462",
        "http://dl-learner.org/carcinogenesis#non_ar_6c_ring-2861",
        "http://dl-learner.org/carcinogenesis#bond8771",
        "http://dl-learner.org/carcinogenesis#d125_4",
        "http://dl-learner.org/carcinogenesis#d84a_29",
        "http://dl-learner.org/carcinogenesis#methoxy-752",
        "http://dl-learner.org/carcinogenesis#d305_26",
        "http://dl-learner.org/carcinogenesis#d324_30",
        "http://dl-learner.org/carcinogenesis#bond4981"
      ]
    },
    "RandomUnknown_37": {
      "positive_examples": [
        "http://dl-learner.org/carcinogenesis#d58_37",
        "http://dl-learner.org/carcinogenesis#bond6472",
        "http://dl-learner.org/carcinogenesis#d155_6",
        "http://dl-learner.org/carcinogenesis#bond8102",
        "http://dl-learner.org/carcinogenesis#alkyl_halide-122",
        "http://dl-learner.org/carcinogenesis#d208_2_55",
        "http://dl-learner.org/carcinogenesis#bond7395",
        "http://dl-learner.org/carcinogenesis#non_ar_6c_ring-2039",
        "http://dl-learner.org/carcinogenesis#ar_halide-187",
        "http://dl-learner.org/carcinogenesis#bond2354",
        "http://dl-learner.org/carcinogenesis#d9_4",
        "http://dl-learner.org/carcinogenesis#methyl-2443",
        "http://dl-learner.org/carcinogenesis#bond5212",
        "http://dl-learner.org/carcinogenesis#bond431",
        "http://dl-learner.org/carcinogenesis#ether-815"
      ],
      "negative_examples": [
        "http://dl-learner.org/carcinogenesis#d289",
        "http://dl-learner.org/carcinogenesis#d70_9",
        "http://dl-learner.org/carcinogenesis#bond4992",
        "http://dl-learner.org/carcinogenesis#bond119",
        "http://dl-learner.org/carcinogenesis#d75_17",
        "http://dl-learner.org/carcinogenesis#bond8968",
        "http://dl-learner.org/carcinogenesis#bond6273",
        "http://dl-learner.org/carcinogenesis#bond8839",
        "http://dl-learner.org/carcinogenesis#d245_11",
        "http://dl-learner.org/carcinogenesis#methyl-177",
        "http://dl-learner.org/carcinogenesis#ar_halide-1446",
        "http://dl-learner.org/carcinogenesis#di10-3249",
        "http://dl-learner.org/carcinogenesis#bond3617",
        "http://dl-learner.org/carcinogenesis#six_ring-2411",
        "http://dl-learner.org/carcinogenesis#sulfide-2671"
      ]
    },
    "RandomUnknown_38": {
      "positive_examples": [
        "http://dl-learner.org/carcinogenesis#ether-800",
        "http://dl-learner.org/carcinogenesis#six_ring-3117",
        "http://dl-learner.org/carcinogenesis#d257_12",
        "http://dl-learner.org/carcinogenesis#bond8571",
        "http://dl-learner.org/carcinogenesis#d58_26",
        "http://dl-learner.org/carcinogenesis#bond7855",
        "http://dl-learner.org/carcinogenesis#bond879",
        "http://dl-learner.org/carcinogenesis#bond7575",
        "http://dl-learner.org/carcinogenesis#bond6757",
        "http://dl-learner.org/carcinogenesis#bond4186",
        "http://dl-learner.org/carcinogenesis#bond4261",
        "http://dl-learner.org/carcinogenesis#non_ar_6c_ring-1636",
        "http://dl-learner.org/carcinogenesis#bond3904",
        "http://dl-learner.org/carcinogenesis#d257_9",
        "http://dl-learner.org/carcinogenesis#bond8776"
      ],
      "negative_examples": [
        "http://dl-learner.org/carcinogenesis#bond5713",
        "http://dl-learner.org/carcinogenesis#ar_halide-2584",
        "http://dl-learner.org/carcinogenesis#d146_40",
        "http://dl-learner.org/carcinogenesis#bond8013",
        "http://dl-learner.org/carcinogenesis#bond7020",
        "http://dl-learner.org/carcinogenesis#d106_8",
        "http://dl-learner.org/carcinogenesis#d190_13",
        "http://dl-learner.org/carcinogenesis#ether-2157",
        "http://dl-learner.org/carcinogenesis#bond5387",
        "http://dl-learner.org/carcinogenesis#d220a_8",
        "http://dl-learner.org/carcinogenesis#d318_9",
        "http://dl-learner.org/carcinogenesis#amine-2895",
        "http://dl-learner.org/carcinogenesis#bond6606",
        "http://dl-learner.org/carcinogenesis#bond2286",
        "http://dl-learner.org/carcinogenesis#ether-953"
      ]
    },
    "RandomUnknown_39": {
      "positive_examples": [
        "http://dl-learner.org/carcinogenesis#bond9054",
        "http://dl-learner.org/carcinogenesis#d108_17",
        "http://dl-learner.org/carcinogenesis#bond8909",
        "http://dl-learner.org/carcinogenesis#non_ar_6c_ring-3112",
        "http://dl-learner.org/carcinogenesis#d37_15",
        "http://dl-learner.org/carcinogenesis#non_ar_6c_ring-1373",
        "http://dl-learner.org/carcinogenesis#d62_21",
        "http://dl-learner.org/carcinogenesis#bond4524",
        "http://dl-learner.org/carcinogenesis#bond9286",
        "http://dl-learner.org/carcinogenesis#d324_39",
        "http://dl-learner.org/carcinogenesis#non_ar_6c_ring-3067",
        "http://dl-learner.org/carcinogenesis#alcohol-1029",
        "http://dl-learner.org/carcinogenesis#d152_39",
        "http://dl-learner.org/carcinogenesis#d208_2_20",
        "http://dl-learner.org/carcinogenesis#bond6804"
      ],
      "negative_examples": [
        "http://dl-learner.org/carcinogenesis#bond5112",
        "http://dl-learner.org/carcinogenesis#bond1927",
        "http://dl-learner.org/carcinogenesis#amino-3162",
        "http://dl-learner.org/carcinogenesis#d297_80",
        "http://dl-learner.org/carcinogenesis#bond3820",
        "http://dl-learner.org/carcinogenesis#bond3183",
        "http://dl-learner.org/carcinogenesis#d246_56",
        "http://dl-learner.org/carcinogenesis#d297_136",
        "http://dl-learner.org/carcinogenesis#d53_5",
        "http://dl-learner.org/carcinogenesis#d152_4",
        "http://dl-learner.org/carcinogenesis#d66_35",
        "http://dl-learner.org/carcinogenesis#sulfide-1242",
        "http://dl-learner.org/carcinogenesis#alcohol-158",
        "http://dl-learner.org/carcinogenesis#d174_8",
        "http://dl-learner.org/carcinogenesis#d330_16"
      ]
    },
    "RandomUnknown_40": {
      "positive_examples": [
        "http://dl-learner.org/carcinogenesis#d216_24",
        "http://dl-learner.org/carcinogenesis#d322_60",
        "http://dl-learner.org/carcinogenesis#bond6302",
        "http://dl-learner.org/carcinogenesis#d271_13",
        "http://dl-learner.org/carcinogenesis#methyl-3031",
        "http://dl-learner.org/carcinogenesis#six_ring-2123",
        "http://dl-learner.org/carcinogenesis#d13_26",
        "http://dl-learner.org/carcinogenesis#bond4732",
        "http://dl-learner.org/carcinogenesis#non_ar_hetero_5_ring-1477",
        "http://dl-learner.org/carcinogenesis#bond2534",
        "http://dl-learner.org/carcinogenesis#bond3669",
        "http://dl-learner.org/carcinogenesis#bond3942",
        "http://dl-learner.org/carcinogenesis#d268_7",
        "http://dl-learner.org/carcinogenesis#bond5458",
        "http://dl-learner.org/carcinogenesis#d222_32"
      ],
      "negative_examples": [
        "http://dl-learner.org/carcinogenesis#d313_43",
        "http://dl-learner.org/carcinogenesis#five_ring-194",
        "http://dl-learner.org/carcinogenesis#d2_2",
        "http://dl-learner.org/carcinogenesis#d328",
        "http://dl-learner.org/carcinogenesis#alkyl_halide-231",
        "http://dl-learner.org/carcinogenesis#d98_3",
        "http://dl-learner.org/carcinogenesis#d298_35",
        "http://dl-learner.org/carcinogenesis#d257_20",
        "http://dl-learner.org/carcinogenesis#amine-281",
        "http://dl-learner.org/carcinogenesis#ether-700",
        "http://dl-learner.org/carcinogenesis#bond2796",
        "http://dl-learner.org/carcinogenesis#d293_9",
        "http://dl-learner.org/carcinogenesis#d260_15",
        "http://dl-learner.org/carcinogenesis#bond6484",
        "http://dl-learner.org/carcinogenesis#d143_7"
      ]
    },
    "RandomUnknown_41": {
      "positive_examples": [
        "http://dl-learner.org/carcinogenesis#bond2309",
        "http://dl-learner.org/carcinogenesis#bond5659",
        "http://dl-learner.org/carcinogenesis#methyl-1380",
        "http://dl-learner.org/carcinogenesis#bond1876",
        "http://dl-learner.org/carcinogenesis#d205_22",
        "http://dl-learner.org/carcinogenesis#d311_24",
        "http://dl-learner.org/carcinogenesis#d96_15",
        "http://dl-learner.org/carcinogenesis#bond9095",
        "http://dl-learner.org/carcinogenesis#bond2879",
        "http://dl-learner.org/carcinogenesis#d262_1",
        "http://dl-learner.org/carcinogenesis#amino-3219",
        "http://dl-learner.org/carcinogenesis#bond8770",
        "http://dl-learner.org/carcinogenesis#bond2673",
        "http://dl-learner.org/carcinogenesis#d127_6",
        "http://dl-learner.org/carcinogenesis#d335_6"
      ],
      "negative_examples": [
        "http://dl-learner.org/carcinogenesis#bond6970",
        "http://dl-learner.org/carcinogenesis#phenol-1028",
        "http://dl-learner.org/carcinogenesis#d8_27",
        "http://dl-learner.org/carcinogenesis#bond5300",
        "http://dl-learner.org/carcinogenesis#d225b_22",
        "http://dl-learner.org/carcinogenesis#bond2069",
        "http://dl-learner.org/carcinogenesis#bond6532",
        "http://dl-learner.org/carcinogenesis#bond8825",
        "http://dl-learner.org/carcinogenesis#methyl-805",
        "http://dl-learner.org/carcinogenesis#bond5682",
        "http://dl-learner.org/carcinogenesis#d331_10",
        "http://dl-learner.org/carcinogenesis#bond7740",
        "http://dl-learner.org/carcinogenesis#d225a_17",
        "http://dl-learner.org/carcinogenesis#d295",
        "http://dl-learner.org/carcinogenesis#d186b_20"
      ]
    },
    "RandomUnknown_42": {
      "positive_examples": [
        "http://dl-learner.org/carcinogenesis#d316_8",
        "http://dl-learner.org/carcinogenesis#d296_6",
        "http://dl-learner.org/carcinogenesis#bond5026",
        "http://dl-learner.org/carcinogenesis#d175_25",
        "http://dl-learner.org/carcinogenesis#d77_23",
        "http://dl-learner.org/carcinogenesis#d117_6",
        "http://dl-learner.org/carcinogenesis#methyl-1724",
        "http://dl-learner.org/carcinogenesis#d60_3",
        "http://dl-learner.org/carcinogenesis#d77_14",
        "http://dl-learner.org/carcinogenesis#bond7530",
        "http://dl-learner.org/carcinogenesis#d12_2",
        "http://dl-learner.org/carcinogenesis#bond8026",
        "http://dl-learner.org/carcinogenesis#bond6667",
        "http://dl-learner.org/carcinogenesis#bond8587",
        "http://dl-learner.org/carcinogenesis#bond8861"
      ],
      "negative_examples": [
        "http://dl-learner.org/carcinogenesis#d247_26",
        "http://dl-learner.org/carcinogenesis#bond8530",
        "http://dl-learner.org/carcinogenesis#d173_9",
        "http://dl-learner.org/carcinogenesis#bond8616",
        "http://dl-learner.org/carcinogenesis#bond6520",
        "http://dl-learner.org/carcinogenesis#d132_38",
        "http://dl-learner.org/carcinogenesis#d333",
        "http://dl-learner.org/carcinogenesis#d292_3",
        "http://dl-learner.org/carcinogenesis#d93_11",
        "http://dl-learner.org/carcinogenesis#d329",
        "http://dl-learner.org/carcinogenesis#d237_9",
        "http://dl-learner.org/carcinogenesis#bond8509",
        "http://dl-learner.org/carcinogenesis#d220b_8",
        "http://dl-learner.org/carcinogenesis#d207_17",
        "http://dl-learner.org/carcinogenesis#d84a_16"
      ]
    },
    "RandomUnknown_43": {
      "positive_examples": [
        "http://dl-learner.org/carcinogenesis#d55_3",
        "http://dl-learner.org/carcinogenesis#bond2352",
        "http://dl-learner.org/carcinogenesis#bond7677",
        "http://dl-learner.org/carcinogenesis#d101_9",
        "http://dl-learner.org/carcinogenesis#methyl-1850",
        "http://dl-learner.org/carcinogenesis#bond1821",
        "http://dl-learner.org/carcinogenesis#bond6408",
        "http://dl-learner.org/carcinogenesis#d290_1",
        "http://dl-learner.org/carcinogenesis#d150_21",
        "http://dl-learner.org/carcinogenesis#six_ring-993",
        "http://dl-learner.org/carcinogenesis#d77_67",
        "http://dl-learner.org/carcinogenesis#bond275",
        "http://dl-learner.org/carcinogenesis#bond377",
        "http://dl-learner.org/carcinogenesis#d160_4",
        "http://dl-learner.org/carcinogenesis#d50_1"
      ],
      "negative_examples": [
        "http://dl-learner.org/carcinogenesis#bond7997",
        "http://dl-learner.org/carcinogenesis#d250_11",
        "http://dl-learner.org/carcinogenesis#d290_17",
        "http://dl-learner.org/carcinogenesis#d173_42",
        "http://dl-learner.org/carcinogenesis#bond2855",
        "http://dl-learner.org/carcinogenesis#bond6809",
        "http://dl-learner.org/carcinogenesis#d139_27",
        "http://dl-learner.org/carcinogenesis#d201_24",
        "http://dl-learner.org/carcinogenesis#d95_21",
        "http://dl-learner.org/carcinogenesis#d165_4",
        "http://dl-learner.org/carcinogenesis#d44_18",
        "http://dl-learner.org/carcinogenesis#bond5296",
        "http://dl-learner.org/carcinogenesis#d266_26",
        "http://dl-learner.org/carcinogenesis#bond7952",
        "http://dl-learner.org/carcinogenesis#d147_15"
      ]
    },
    "RandomUnknown_44": {
      "positive_examples": [
        "http://dl-learner.org/carcinogenesis#d9_14",
        "http://dl-learner.org/carcinogenesis#bond2164",
        "http://dl-learner.org/carcinogenesis#d167_3",
        "http://dl-learner.org/carcinogenesis#six_ring-934",
        "http://dl-learner.org/carcinogenesis#d271_36",
        "http://dl-learner.org/carcinogenesis#bond5912",
        "http://dl-learner.org/carcinogenesis#bond4859",
        "http://dl-learner.org/carcinogenesis#d72_14",
        "http://dl-learner.org/carcinogenesis#di10-3342",
        "http://dl-learner.org/carcinogenesis#bond8501",
        "http://dl-learner.org/carcinogenesis#d35_16",
        "http://dl-learner.org/carcinogenesis#bond1416",
        "http://dl-learner.org/carcinogenesis#bond6823",
        "http://dl-learner.org/carcinogenesis#bond3497",
        "http://dl-learner.org/carcinogenesis#bond8457"
      ],
      "negative_examples": [
        "http://dl-learner.org/carcinogenesis#d156_13",
        "http://dl-learner.org/carcinogenesis#bond8226",
        "http://dl-learner.org/carcinogenesis#d176_7",
        "http://dl-learner.org/carcinogenesis#methyl-2162",
        "http://dl-learner.org/carcinogenesis#d175_8",
        "http://dl-learner.org/carcinogenesis#bond1159",
        "http://dl-learner.org/carcinogenesis#d287_14",
        "http://dl-learner.org/carcinogenesis#bond515",
        "http://dl-learner.org/carcinogenesis#bond2695",
        "http://dl-learner.org/carcinogenesis#d189_17",
        "http://dl-learner.org/carcinogenesis#d39_7",
        "http://dl-learner.org/carcinogenesis#bond2839",
        "http://dl-learner.org/carcinogenesis#bond563",
        "http://dl-learner.org/carcinogenesis#bond1970",
        "http://dl-learner.org/carcinogenesis#bond8050"
      ]
    },
    "RandomUnknown_45": {
      "positive_examples": [
        "http://dl-learner.org/carcinogenesis#ester-2192",
        "http://dl-learner.org/carcinogenesis#bond2649",
        "http://dl-learner.org/carcinogenesis#d171_34",
        "http://dl-learner.org/carcinogenesis#d22",
        "http://dl-learner.org/carcinogenesis#ar_halide-3037",
        "http://dl-learner.org/carcinogenesis#d5_3",
        "http://dl-learner.org/carcinogenesis#d16_3",
        "http://dl-learner.org/carcinogenesis#d138",
        "http://dl-learner.org/carcinogenesis#d55_12",
        "http://dl-learner.org/carcinogenesis#bond2127",
        "http://dl-learner.org/carcinogenesis#bond522",
        "http://dl-learner.org/carcinogenesis#bond2504",
        "http://dl-learner.org/carcinogenesis#phenol-2610",
        "http://dl-learner.org/carcinogenesis#bond2206",
        "http://dl-learner.org/carcinogenesis#d179_18"
      ],
      "negative_examples": [
        "http://dl-learner.org/carcinogenesis#bond1673",
        "http://dl-learner.org/carcinogenesis#bond5179",
        "http://dl-learner.org/carcinogenesis#bond8663",
        "http://dl-learner.org/carcinogenesis#di8-3235",
        "http://dl-learner.org/carcinogenesis#ether-1824",
        "http://dl-learner.org/carcinogenesis#bond8784",
        "http://dl-learner.org/carcinogenesis#d186a_42",
        "http://dl-learner.org/carcinogenesis#bond2366",
        "http://dl-learner.org/carcinogenesis#bond3643",
        "http://dl-learner.org/carcinogenesis#halide10-3535",
        "http://dl-learner.org/carcinogenesis#bond5861",
        "http://dl-learner.org/carcinogenesis#bond2287",
        "http://dl-learner.org/carcinogenesis#six_ring-547",
        "http://dl-learner.org/carcinogenesis#d3_16",
        "http://dl-learner.org/carcinogenesis#bond6813"
      ]
    },
    "RandomUnknown_46": {
      "positive_examples": [
        "http://dl-learner.org/carcinogenesis#amine-969",
        "http://dl-learner.org/carcinogenesis#d66_6",
        "http://dl-learner.org/carcinogenesis#d290_3",
        "http://dl-learner.org/carcinogenesis#d304b_7",
        "http://dl-learner.org/carcinogenesis#six_ring-2271",
        "http://dl-learner.org/carcinogenesis#d82_26",
        "http://dl-learner.org/carcinogenesis#d260_1",
        "http://dl-learner.org/carcinogenesis#d206_25",
        "http://dl-learner.org/carcinogenesis#bond4410",
        "http://dl-learner.org/carcinogenesis#sulfide-1348",
        "http://dl-learner.org/carcinogenesis#bond627",
        "http://dl-learner.org/carcinogenesis#d142_5",
        "http://dl-learner.org/carcinogenesis#d184_23",
        "http://dl-learner.org/carcinogenesis#d183_9",
        "http://dl-learner.org/carcinogenesis#d292_11"
      ],
      "negative_examples": [
        "http://dl-learner.org/carcinogenesis#six_ring-898",
        "http://dl-learner.org/carcinogenesis#d107d_47",
        "http://dl-learner.org/carcinogenesis#bond5600",
        "http://dl-learner.org/carcinogenesis#bond8663",
        "http://dl-learner.org/carcinogenesis#bond8478",
        "http://dl-learner.org/carcinogenesis#bond1528",
        "http://dl-learner.org/carcinogenesis#bond4122",
        "http://dl-learner.org/carcinogenesis#bond4149",
        "http://dl-learner.org/carcinogenesis#d266_31",
        "http://dl-learner.org/carcinogenesis#d193_12",
        "http://dl-learner.org/carcinogenesis#bond498",
        "http://dl-learner.org/carcinogenesis#bond4180",
        "http://dl-learner.org/carcinogenesis#d332",
        "http://dl-learner.org/carcinogenesis#ether-1870",
        "http://dl-learner.org/carcinogenesis#d84b_34"
      ]
    },
    "RandomUnknown_47": {
      "positive_examples": [
        "http://dl-learner.org/carcinogenesis#bond499",
        "http://dl-learner.org/carcinogenesis#d257_19",
        "http://dl-learner.org/carcinogenesis#d153_31",
        "http://dl-learner.org/carcinogenesis#d149",
        "http://dl-learner.org/carcinogenesis#bond7981",
        "http://dl-learner.org/carcinogenesis#bond8648",
        "http://dl-learner.org/carcinogenesis#d82_22",
        "http://dl-learner.org/carcinogenesis#bond6850",
        "http://dl-learner.org/carcinogenesis#bond7519",
        "http://dl-learner.org/carcinogenesis#d297_72",
        "http://dl-learner.org/carcinogenesis#d13_18",
        "http://dl-learner.org/carcinogenesis#d20_13",
        "http://dl-learner.org/carcinogenesis#bond4433",
        "http://dl-learner.org/carcinogenesis#alkyl_halide-3093",
        "http://dl-learner.org/carcinogenesis#d8_33"
      ],
      "negative_examples": [
        "http://dl-learner.org/carcinogenesis#d58_39",
        "http://dl-learner.org/carcinogenesis#d257_19",
        "http://dl-learner.org/carcinogenesis#bond1102",
        "http://dl-learner.org/carcinogenesis#d288_17",
        "http://dl-learner.org/carcinogenesis#bond4663",
        "http://dl-learner.org/carcinogenesis#non_ar_6c_ring-2632",
        "http://dl-learner.org/carcinogenesis#d35_4",
        "http://dl-learner.org/carcinogenesis#ether-1868",
        "http://dl-learner.org/carcinogenesis#non_ar_6c_ring-2769",
        "http://dl-learner.org/carcinogenesis#bond8722",
        "http://dl-learner.org/carcinogenesis#bond1271",
        "http://dl-learner.org/carcinogenesis#bond4015",
        "http://dl-learner.org/carcinogenesis#non_ar_hetero_6_ring-1580",
        "http://dl-learner.org/carcinogenesis#bond8561",
        "http://dl-learner.org/carcinogenesis#d107d_27"
      ]
    },
    "RandomUnknown_48": {
      "positive_examples": [
        "http://dl-learner.org/carcinogenesis#d214_24",
        "http://dl-learner.org/carcinogenesis#bond159",
        "http://dl-learner.org/carcinogenesis#bond8892",
        "http://dl-learner.org/carcinogenesis#d246_69",
        "http://dl-learner.org/carcinogenesis#bond1701",
        "http://dl-learner.org/carcinogenesis#d155_24",
        "http://dl-learner.org/carcinogenesis#d260_20",
        "http://dl-learner.org/carcinogenesis#d153_24",
        "http://dl-learner.org/carcinogenesis#d246_33",
        "http://dl-learner.org/carcinogenesis#bond5073",
        "http://dl-learner.org/carcinogenesis#d26_3",
        "http://dl-learner.org/carcinogenesis#bond7952",
        "http://dl-learner.org/carcinogenesis#non_ar_hetero_6_ring-1727",
        "http://dl-learner.org/carcinogenesis#non_ar_6c_ring-2694",
        "http://dl-learner.org/carcinogenesis#ar_halide-2247"
      ],
      "negative_examples": [
        "http://dl-learner.org/carcinogenesis#d70_1",
        "http://dl-learner.org/carcinogenesis#methyl-2745",
        "http://dl-learner.org/carcinogenesis#phenol-1312",
        "http://dl-learner.org/carcinogenesis#bond7583",
        "http://dl-learner.org/carcinogenesis#d237_8",
        "http://dl-learner.org/carcinogenesis#d188d_1",
        "http://dl-learner.org/carcinogenesis#bond461",
        "http://dl-learner.org/carcinogenesis#bond5272",
        "http://dl-learner.org/carcinogenesis#methyl-923",
        "http://dl-learner.org/carcinogenesis#bond1311",
        "http://dl-learner.org/carcinogenesis#d34_21",
        "http://dl-learner.org/carcinogenesis#sulfide-678",
        "http://dl-learner.org/carcinogenesis#bond3729",
        "http://dl-learner.org/carcinogenesis#bond1146",
        "http://dl-learner.org/carcinogenesis#bond7176"
      ]
    },
    "RandomUnknown_49": {
      "positive_examples": [
        "http://dl-learner.org/carcinogenesis#d3_18",
        "http://dl-learner.org/carcinogenesis#d78_12",
        "http://dl-learner.org/carcinogenesis#d90_11",
        "http://dl-learner.org/carcinogenesis#phenol-799",
        "http://dl-learner.org/carcinogenesis#bond922",
        "http://dl-learner.org/carcinogenesis#d83_2",
        "http://dl-learner.org/carcinogenesis#methyl-1685",
        "http://dl-learner.org/carcinogenesis#d253_10",
        "http://dl-learner.org/carcinogenesis#bond1436",
        "http://dl-learner.org/carcinogenesis#d130_6",
        "http://dl-learner.org/carcinogenesis#six_ring-2460",
        "http://dl-learner.org/carcinogenesis#bond3690",
        "http://dl-learner.org/carcinogenesis#amine-1258",
        "http://dl-learner.org/carcinogenesis#bond731",
        "http://dl-learner.org/carcinogenesis#d126_13"
      ],
      "negative_examples": [
        "http://dl-learner.org/carcinogenesis#six_ring-2127",
        "http://dl-learner.org/carcinogenesis#bond4879",
        "http://dl-learner.org/carcinogenesis#d251_8",
        "http://dl-learner.org/carcinogenesis#d221_34",
        "http://dl-learner.org/carcinogenesis#bond5811",
        "http://dl-learner.org/carcinogenesis#d202_20",
        "http://dl-learner.org/carcinogenesis#bond9156",
        "http://dl-learner.org/carcinogenesis#bond2927",
        "http://dl-learner.org/carcinogenesis#d107d_21",
        "http://dl-learner.org/carcinogenesis#bond4154",
        "http://dl-learner.org/carcinogenesis#d173_56",
        "http://dl-learner.org/carcinogenesis#bond4920",
        "http://dl-learner.org/carcinogenesis#non_ar_6c_ring-2738",
        "http://dl-learner.org/carcinogenesis#d160_10",
        "http://dl-learner.org/carcinogenesis#d309_6"
      ]
    }
  }
}